{"type":"OeBuildPlan","uri":null,"category":null,"eTag":null,"created":null,"modified":null,"buildPlanid":"0b89d094-b5b0-4e2e-aced-80600bdc71af","name":"HPE - Windows - Deploy - HA","description":"Personalize Windows 2016 /2019 image with management NICs teamed for high-availability. It is used for multi-frame environment containing a pair of ImageStreamer appliances.","status":null,"hpProvided":true,"oeBuildPlanType":"deploy","buildStep":[{"planScriptUri":"/rest/plan-scripts/9427046b-ccb7-4fcb-ac60-b2229f5b66c8","serialNumber":"1","parameters":null,"planScriptName":"HPE - Windows - Mount"},{"planScriptUri":"/rest/plan-scripts/5135b466-0fb8-46e9-a749-71e031abcb0b","serialNumber":"2","parameters":null,"planScriptName":"HPE - Windows - Initialize"},{"planScriptUri":"/rest/plan-scripts/5fb0609b-97bd-4274-93b7-1c8b8dfe09ce","serialNumber":"3","parameters":null,"planScriptName":"HPE - Windows - Hyper - V - Enable"},{"planScriptUri":"/rest/plan-scripts/c57723a3-1ec8-4fbf-951e-c544cc71af10","serialNumber":"4","parameters":null,"planScriptName":"HPE - Windows - iSCSI Multi-path IO"},{"planScriptUri":"/rest/plan-scripts/73be8da7-d9ca-4c7c-ba03-1456931651c1","serialNumber":"5","parameters":null,"planScriptName":"HPE - Windows - Locale"},{"planScriptUri":"/rest/plan-scripts/b4f9c98b-d8ae-4bc1-93a9-90fb0068caa6","serialNumber":"6","parameters":null,"planScriptName":"HPE - Windows - Network - Domain"},{"planScriptUri":"/rest/plan-scripts/714f3101-dea4-46a5-a0ac-56d2f380d69c","serialNumber":"7","parameters":null,"planScriptName":"HPE - Windows - Network - HA Configuration"},{"planScriptUri":"/rest/plan-scripts/73c61022-48fc-4f48-b75b-6960f2541f31","serialNumber":"8","parameters":null,"planScriptName":"HPE - Windows - Network - Proxy"},{"planScriptUri":"/rest/plan-scripts/80689a0b-dbd6-4155-8ef8-97302216d0c2","serialNumber":"9","parameters":null,"planScriptName":"HPE - Windows - Power Plan"},{"planScriptUri":"/rest/plan-scripts/78fc6802-0f33-4d57-af4f-446451328974","serialNumber":"10","parameters":null,"planScriptName":"HPE - Windows - Remote Desktop"},{"planScriptUri":"/rest/plan-scripts/42704c6b-0ef0-420d-8a21-88a2390941d1","serialNumber":"11","parameters":null,"planScriptName":"HPE - Windows - Time Zone"},{"planScriptUri":"/rest/plan-scripts/57f68138-f8e9-495a-bbc3-f1ad64ccb06d","serialNumber":"12","parameters":null,"planScriptName":"HPE - Windows - User - Add - 1"},{"planScriptUri":"/rest/plan-scripts/a20307d0-9498-46d6-90e3-332682eb0c86","serialNumber":"13","parameters":null,"planScriptName":"HPE - Windows - User - Administrator"},{"planScriptUri":"/rest/plan-scripts/46b0f40b-e5a6-4b22-ae10-14ba1a75cf63","serialNumber":"14","parameters":null,"planScriptName":"HPE - Windows - Unattend - Save"},{"planScriptUri":"/rest/plan-scripts/92572b46-7ef1-4484-ad6d-350229341d76","serialNumber":"15","parameters":null,"planScriptName":"HPE - Windows - Unmount"}],"customAttributes":[{"name":"ProxyServerAddress","description":"Specify Fully Qualified Domain Name\ne.g- proxy.example.com","value":"","constraints":"{\"regex\":\"\",\"helpText\":\"\"}","type":"string"},{"name":"ProxyServerSkipForAddresses","description":"","value":"localhost","constraints":"{\"regex\":\"\",\"helpText\":\"\"}","type":"string"},{"name":"User1Name","description":"","value":"","constraints":"{\"regex\":\"\",\"helpText\":\"\"}","type":"string"},{"name":"DomainName","description":"Specify Fully Qualified Domain Name\ne.g- domain.example.com","value":"","constraints":"{\"helpText\":\"\"}","type":"fqdn"},{"name":"User1DisplayName","description":"","value":"","constraints":"{\"regex\":\"\",\"helpText\":\"\"}","type":"string"},{"name":"DomainAccount","description":"","value":"","constraints":"{}","type":"string"},{"name":"ProxyServerPort","description":"","value":"8080","constraints":"{\"increment\":\"1\"}","type":"number"},{"name":"DomainPassword","description":"","value":"","constraints":"{\"maxlen\":\"20\"}","type":"password"},{"name":"RemoteDesktop","description":"","value":"Disallow","constraints":"{\"options\":[\"Disallow\",\"Allow (Network Level Authentication)\",\"Allow\"]}","type":"option"},{"name":"DisplayLanguage","description":"","value":"English (United States)","constraints":"{\"options\":[\"English (United States)\",\"French (France)\",\"German (Germany)\",\"Japanese (Japan)\",\"Arabic (Saudi Arabia)\",\"Chinese (PRC)\",\"Korean (Korea)\",\"Portuguese (Brazil)\",\"Russian (Russia)\"]}","type":"option"},{"name":"TimeZone","description":"","value":"GMT Standard Time","constraints":"{\"options\":[\"GMT Standard Time\",\"Arabian Standard Time\",\"AUS Eastern Standard Time\",\"Central Standard Time\",\"China Standard Time\",\"Eastern Standard Time\",\"India Standard Time\",\"Mountain Standard Time\",\"Singapore Standard Time\",\"Tokyo Standard Time\"]}","type":"option"},{"name":"ManagementNIC2","description":"","value":"","constraints":"{\"ipv4static\":true,\"ipv4dhcp\":true,\"ipv4disable\":true,\"parameters\":[\"mac\"]}","type":"nic"},{"name":"ManagementNIC1","description":"","value":"","constraints":"{\"ipv4static\":true,\"ipv4dhcp\":true,\"ipv4disable\":true,\"parameters\":[\"dns1\",\"dns2\",\"gateway\",\"ipaddress\",\"mac\",\"netmask\"]}","type":"nic"},{"name":"KeyboardLayout","description":"","value":"English (United States)","constraints":"{\"options\":[\"English (United States)\",\"Arabic (101)\",\"Chinese (Traditional) - US Keyboard\",\"Japanese\",\"Korean\",\"United Kingdom Extended\",\"United States - Dvorak\"]}","type":"option"},{"name":"User1Password","description":"","value":"","constraints":"{\"maxlen\":\"20\"}","type":"password"},{"name":"PowerPlan","description":"","value":"Balanced","constraints":"{\"options\":[\"Balanced\",\"High Performance\",\"Power Saver\"]}","type":"option"},{"name":"Password","description":"Administrator Password","value":"","constraints":"{\"maxlen\":\"20\"}","type":"password"}],"dependentArtifacts":null}