{"type":"PlanScript","uri":null,"category":null,"eTag":null,"created":null,"modified":null,"id":"0e555f35-6d32-4300-8a8e-0d85725316b0","name":"HPE - Windows - Network - Non-HA Configuration","description":"Configures IP address, gateway, subnet mask and DNS based on MAC address for a single frame configuration, without high availability","status":null,"state":null,"planType":"deploy","content":"# (c) Copyright 2017-2018 Hewlett Packard Enterprise Development LP\n#\n# Licensed under the Apache License, Version 2.0 (the \"License\");\n# you may not use this file except in compliance with the License.\n# You may obtain a copy of the License at #http://www.apache.org/licenses/LICENSE-2.0\n#\n# Unless required by applicable law or agreed to in writing, software distributed\n# under the License is distributed on an \"AS IS\" BASIS, WITHOUT WARRANTIES OR\n# CONDITIONS OF ANY KIND, either express or implied. See the License for the\n# specific language governing permissions and limitations under the License\n\n-mkdir-p /ISdeploy/Scripts\n-mkdir-p /ISdeploy/SetupComplete\n\nupload -<<END_NW_CONFIG_PS /ISdeploy/Scripts/NetworkConfig.ps1\necho \"== NetworkConfig.ps1 ==\"\n$mac=\"@ManagementNIC.mac@\"\n$net=get-netadapter | where MacAddress -eq $mac.replace(\":\",\"-\") | select name\n\nif(\"@ManagementNIC.ipaddress@\" -match \"[0-9]+\\.[0-9]+\\.[0-9]+\\.[0-9]+\")\n{\n    netsh interface ip set address $net.name static @ManagementNIC.ipaddress@ @ManagementNIC.netmask@ @ManagementNIC.gateway@ 1 \n    netsh interface ip add dns $net.name @ManagementNIC.dns1@\n    netsh interface ip add dns $net.name @ManagementNIC.dns2@ index=2\n}\nelse\n{\n    netsh interface ip set address $net.name dhcp\n}\n\n# Wait for few seconds for the network to get configured properly\nStart-Sleep -s 10\n\nEND_NW_CONFIG_PS\n\nupload -<<END_NW_SETUP_COMPLETE /ISdeploy/SetupComplete/NetworkConfig.cmd\npowershell.exe -file S:\\ISdeploy\\Scripts\\NetworkConfig.ps1 >> C:\\SETUP.LOG 2>&1\nEND_NW_SETUP_COMPLETE","customAttributes":null,"hpProvided":true,"dependentArtifacts":null}