{"type":"OeBuildPlan","uri":null,"category":null,"eTag":null,"created":null,"modified":null,"buildPlanid":"1a1123b7-c0ff-445f-a66b-3ba2dd86f1db","name":"HPE - Windows - Example - Deploy","description":"Personalize Windows 2016 image. This  build plan includes all example scripts with their custom attribute settings configured properly.","status":null,"hpProvided":true,"oeBuildPlanType":"deploy","buildStep":[{"planScriptUri":"/rest/plan-scripts/9427046b-ccb7-4fcb-ac60-b2229f5b66c8","serialNumber":"1","parameters":null,"planScriptName":"HPE - Windows - Mount"},{"planScriptUri":"/rest/plan-scripts/5135b466-0fb8-46e9-a749-71e031abcb0b","serialNumber":"2","parameters":null,"planScriptName":"HPE - Windows - Initialize"},{"planScriptUri":"/rest/plan-scripts/e648c92a-fb63-4932-90b3-0073daaadb16","serialNumber":"3","parameters":null,"planScriptName":"HPE - Windows - Example - Commands in Unattend"},{"planScriptUri":"/rest/plan-scripts/c89b00f1-a5b9-47d7-8122-1343db2c9528","serialNumber":"4","parameters":null,"planScriptName":"HPE - Windows - Example - First Logon Commands"},{"planScriptUri":"/rest/plan-scripts/4c52cbbe-be23-4391-a47d-c23c84538e27","serialNumber":"5","parameters":null,"planScriptName":"HPE - Windows - Example - Logon Commands"},{"planScriptUri":"/rest/plan-scripts/73a59435-7929-4973-9c50-fb48fe95b63f","serialNumber":"6","parameters":null,"planScriptName":"HPE - Windows - Example - PowerShell"},{"planScriptUri":"/rest/plan-scripts/6934c78a-447c-4325-9030-7d1e6693f23c","serialNumber":"7","parameters":null,"planScriptName":"HPE - Windows - Example - Registry Edit"},{"planScriptUri":"/rest/plan-scripts/5c37886d-41a7-49e3-8a51-6e7d9e0d5822","serialNumber":"8","parameters":null,"planScriptName":"HPE - Windows - Example - Registry Edit with .reg"},{"planScriptUri":"/rest/plan-scripts/c0fd3a0f-856e-44a9-9b4e-846aeb2eebaa","serialNumber":"9","parameters":null,"planScriptName":"HPE - Windows - Hostname"},{"planScriptUri":"/rest/plan-scripts/5fb0609b-97bd-4274-93b7-1c8b8dfe09ce","serialNumber":"10","parameters":null,"planScriptName":"HPE - Windows - Hyper - V - Enable"},{"planScriptUri":"/rest/plan-scripts/73be8da7-d9ca-4c7c-ba03-1456931651c1","serialNumber":"11","parameters":null,"planScriptName":"HPE - Windows - Locale"},{"planScriptUri":"/rest/plan-scripts/0e555f35-6d32-4300-8a8e-0d85725316b0","serialNumber":"12","parameters":null,"planScriptName":"HPE - Windows - Network - Non-HA Configuration"},{"planScriptUri":"/rest/plan-scripts/73c61022-48fc-4f48-b75b-6960f2541f31","serialNumber":"13","parameters":null,"planScriptName":"HPE - Windows - Network - Proxy"},{"planScriptUri":"/rest/plan-scripts/d6095fc3-0c7c-4f25-bc43-76ff8d20f9ef","serialNumber":"14","parameters":null,"planScriptName":"HPE - Windows - OEM Information"},{"planScriptUri":"/rest/plan-scripts/ad9c8d90-7afc-42bb-803b-c0bc6d991f11","serialNumber":"15","parameters":null,"planScriptName":"HPE - Windows - Owner Info"},{"planScriptUri":"/rest/plan-scripts/f0f4c621-b72e-4148-b709-beaea8729b5e","serialNumber":"16","parameters":null,"planScriptName":"HPE - Windows - Pagefile - Custom Size"},{"planScriptUri":"/rest/plan-scripts/80689a0b-dbd6-4155-8ef8-97302216d0c2","serialNumber":"17","parameters":null,"planScriptName":"HPE - Windows - Power Plan"},{"planScriptUri":"/rest/plan-scripts/78fc6802-0f33-4d57-af4f-446451328974","serialNumber":"18","parameters":null,"planScriptName":"HPE - Windows - Remote Desktop"},{"planScriptUri":"/rest/plan-scripts/42704c6b-0ef0-420d-8a21-88a2390941d1","serialNumber":"19","parameters":null,"planScriptName":"HPE - Windows - Time Zone"},{"planScriptUri":"/rest/plan-scripts/57f68138-f8e9-495a-bbc3-f1ad64ccb06d","serialNumber":"20","parameters":null,"planScriptName":"HPE - Windows - User - Add - 1"},{"planScriptUri":"/rest/plan-scripts/23c43b28-62e9-461e-84ad-db5cd2d8d00b","serialNumber":"21","parameters":null,"planScriptName":"HPE - Windows - User - Add - 2"},{"planScriptUri":"/rest/plan-scripts/a20307d0-9498-46d6-90e3-332682eb0c86","serialNumber":"22","parameters":null,"planScriptName":"HPE - Windows - User - Administrator"},{"planScriptUri":"/rest/plan-scripts/b1cef921-f31e-4e82-bd01-d219fefde701","serialNumber":"23","parameters":null,"planScriptName":"HPE - Windows - User - Auto Logon"},{"planScriptUri":"/rest/plan-scripts/46b0f40b-e5a6-4b22-ae10-14ba1a75cf63","serialNumber":"24","parameters":null,"planScriptName":"HPE - Windows - Unattend - Save"},{"planScriptUri":"/rest/plan-scripts/3bdfc1fd-2d27-41e7-8e35-a17ad1bf5357","serialNumber":"25","parameters":null,"planScriptName":"HPE - Windows - Unattend - Debug"},{"planScriptUri":"/rest/plan-scripts/92572b46-7ef1-4484-ad6d-350229341d76","serialNumber":"26","parameters":null,"planScriptName":"HPE - Windows - Unmount"}],"customAttributes":[{"name":"OrganizationName","description":"","value":"Default","constraints":"{\"regex\":\"\",\"helpText\":\"\"}","type":"string"},{"name":"ProxyServerAddress","description":"Specify Fully Qualified Domain Name\ne.g- proxy.example.com","value":"","constraints":"{\"regex\":\"\",\"helpText\":\"\"}","type":"string"},{"name":"OwnerName","description":"","value":"Default","constraints":"{\"regex\":\"\",\"helpText\":\"\"}","type":"string"},{"name":"ProxyServerSkipForAddresses","description":"","value":"localhost","constraints":"{\"regex\":\"\",\"helpText\":\"\"}","type":"string"},{"name":"User1Name","description":"","value":"User1","constraints":"{\"regex\":\"\",\"helpText\":\"\"}","type":"string"},{"name":"User1DisplayName","description":"","value":"User 1","constraints":"{\"regex\":\"\",\"helpText\":\"\"}","type":"string"},{"name":"User1Password","description":"","value":"","constraints":"{\"maxlen\":\"20\"}","type":"password"},{"name":"AutoLogonUsername","description":"","value":"Administrator","constraints":"{}","type":"string"},{"name":"User2Password","description":"","value":"","constraints":"{\"maxlen\":\"20\"}","type":"password"},{"name":"Password","description":"Administrator Password","value":"","constraints":"{\"maxlen\":\"20\"}","type":"password"},{"name":"User2DisplayName","description":"","value":"User 2","constraints":"{\"regex\":\"\",\"helpText\":\"\"}","type":"string"},{"name":"Hostname","description":"Hostname for Windows Server.  The hostname value can be defined manually or by using the tokens.  This value must conform to a valid hostname requirement defined for Microsoft Windows Server. It can be set to an asterisk (*) for Windows Server to generate a hostname.","value":"","constraints":"{\"helpText\":\"\"}","type":"hostname"},{"name":"ProxyServerPort","description":"","value":"8080","constraints":"{\"increment\":\"1\"}","type":"number"},{"name":"OEMManufacturerName","description":"","value":"Hewlett Packard Enterprise","constraints":"{}","type":"string"},{"name":"ManagementNIC","description":"","value":"","constraints":"{\"ipv4static\":true,\"ipv4dhcp\":true,\"ipv4disable\":true,\"parameters\":[\"dns1\",\"dns2\",\"gateway\",\"ipaddress\",\"mac\",\"netmask\"]}","type":"nic"},{"name":"RemoteDesktop","description":"","value":"Disallow","constraints":"{\"options\":[\"Disallow\",\"Allow (Network Level Authentication)\",\"Allow\"]}","type":"option"},{"name":"User2Name","description":"","value":"User2","constraints":"{\"regex\":\"\",\"helpText\":\"\"}","type":"string"},{"name":"DisplayLanguage","description":"","value":"English (United States)","constraints":"{\"options\":[\"English (United States)\",\"French (France)\",\"German (Germany)\",\"Japanese (Japan)\",\"Arabic (Saudi Arabia)\",\"Chinese (PRC)\",\"Korean (Korea)\",\"Portuguese (Brazil)\",\"Russian (Russia)\"]}","type":"option"},{"name":"TimeZone","description":"","value":"GMT Standard Time","constraints":"{\"options\":[\"GMT Standard Time\",\"Arabian Standard Time\",\"AUS Eastern Standard Time\",\"Central Standard Time\",\"China Standard Time\",\"Eastern Standard Time\",\"India Standard Time\",\"Mountain Standard Time\",\"Singapore Standard Time\",\"Tokyo Standard Time\"]}","type":"option"},{"name":"PagefileMinimumSizeMB","description":"","value":"1024","constraints":"{\"increment\":\"1\",\"unit\":\"MB\"}","type":"number"},{"name":"OEMModelName","description":"","value":"Synergy 480 Gen9","constraints":"{}","type":"string"},{"name":"AutoLogonPassword","description":"","value":"","constraints":"{\"maxlen\":\"20\"}","type":"password"},{"name":"KeyboardLayout","description":"","value":"English (United States)","constraints":"{\"options\":[\"English (United States)\",\"Arabic (101)\",\"Chinese (Traditional) - US Keyboard\",\"Japanese\",\"Korean\",\"United Kingdom Extended\",\"United States - Dvorak\"]}","type":"option"},{"name":"PagefileMaximumSizeMB","description":"","value":"10240","constraints":"{\"increment\":\"1\",\"unit\":\"MB\"}","type":"number"},{"name":"PowerPlan","description":"","value":"Balanced","constraints":"{\"options\":[\"Balanced\",\"High Performance\",\"Power Saver\"]}","type":"option"}],"dependentArtifacts":null}