{"type":"PlanScript","uri":null,"category":null,"eTag":null,"created":null,"modified":null,"id":"4c52cbbe-be23-4391-a47d-c23c84538e27","name":"HPE - Windows - Example - Logon Commands","description":"Specifies commands to run when an end user logs on to the computer.","status":null,"state":null,"planType":"deploy","content":"# (c) Copyright 2017-2018 Hewlett Packard Enterprise Development LP\n#\n# Licensed under the Apache License, Version 2.0 (the \"License\");\n# you may not use this file except in compliance with the License.\n# You may obtain a copy of the License at #http://www.apache.org/licenses/LICENSE-2.0\n#\n# Unless required by applicable law or agreed to in writing, software distributed\n# under the License is distributed on an \"AS IS\" BASIS, WITHOUT WARRANTIES OR\n# CONDITIONS OF ANY KIND, either express or implied. See the License for the\n# specific language governing permissions and limitations under the License\n\n-mkdir-p /ISdeploy/Unattend/oobeSystem/Microsoft-Windows-Shell-Setup/LogonCommands\n\nupload -<<END_LOGON_CMD_ASYNC /ISdeploy/Unattend/oobeSystem/Microsoft-Windows-Shell-Setup/LogonCommands/LogonCommandAsynchronous.xml\n<AsynchronousCommand wcm:action=\"add\">\n  <CommandLine>%ProgramFiles%\\Windows NT\\Accessories\\wordpad.exe\n  </CommandLine>\n  <Description>Launch wordpad </Description>\n  <Order>1</Order>\n</AsynchronousCommand>\nEND_LOGON_CMD_ASYNC","customAttributes":null,"hpProvided":true,"dependentArtifacts":null}