{"type":"PlanScript","uri":null,"category":null,"eTag":null,"created":null,"modified":null,"id":"6934c78a-447c-4325-9030-7d1e6693f23c","name":"HPE - Windows - Example - Registry Edit","description":"Example of modifying the Windows Registry using Unattend.xml RunAsynchronous command","status":null,"state":null,"planType":"deploy","content":"# (c) Copyright 2017-2018 Hewlett Packard Enterprise Development LP\n#\n# Licensed under the Apache License, Version 2.0 (the \"License\");\n# you may not use this file except in compliance with the License.\n# You may obtain a copy of the License at #http://www.apache.org/licenses/LICENSE-2.0\n#\n# Unless required by applicable law or agreed to in writing, software distributed\n# under the License is distributed on an \"AS IS\" BASIS, WITHOUT WARRANTIES OR\n# CONDITIONS OF ANY KIND, either express or implied. See the License for the\n# specific language governing permissions and limitations under the License\n\n\n-mkdir-p /ISdeploy/Unattend/specialize/Microsoft-Windows-Deployment/RunAsynchronous\n\nupload -<<END_REGEDIT_EXAMPLE /ISdeploy/Unattend/specialize/Microsoft-Windows-Deployment/RunAsynchronous/RegistryEditExample.xml\n<RunAsynchronousCommand wcm:action=\"add\">\n  <Description>AsynchCommand1</Description>\n  <Order>1</Order>\n  <Path>reg add HKLM\\Software\\Microsoft\\Windows\\CurrentVersion\\Setup\\OOBE /v UnattendCreatedUser1 /t REG_DWORD /d 1 /f </Path>\n</RunAsynchronousCommand>\nEND_REGEDIT_EXAMPLE","customAttributes":null,"hpProvided":true,"dependentArtifacts":null}