{"type":"PlanScript","uri":null,"category":null,"eTag":null,"created":null,"modified":null,"id":"73a59435-7929-4973-9c50-fb48fe95b63f","name":"HPE - Windows - Example - PowerShell","description":"Example script to run a powershell script in windows.","status":null,"state":null,"planType":"deploy","content":"# (c) Copyright 2017-2018 Hewlett Packard Enterprise Development LP\n#\n# Licensed under the Apache License, Version 2.0 (the \"License\");\n# you may not use this file except in compliance with the License.\n# You may obtain a copy of the License at #http://www.apache.org/licenses/LICENSE-2.0\n#\n# Unless required by applicable law or agreed to in writing, software distributed\n# under the License is distributed on an \"AS IS\" BASIS, WITHOUT WARRANTIES OR\n# CONDITIONS OF ANY KIND, either express or implied. See the License for the\n# specific language governing permissions and limitations under the License\n\n-mkdir-p /ISdeploy/Scripts\n-mkdir-p /ISdeploy/SetupComplete\n\nupload -<<END_POWERSHELL_SCRIPT /ISdeploy/Scripts/PowerShellExample.ps1\n# PowerShell script to get system uptime\necho \"== PowerShellExample.ps1 ==\"\nGet-Process\nEND_POWERSHELL_SCRIPT\n\n# Call PowerShell example script in SetupComplete.cmd\nupload -<<END_PS_EX_SETUP_COMPLETE /ISdeploy/SetupComplete/PowerShellExample.cmd\npowershell.exe -file S:\\ISdeploy\\Scripts\\PowerShellExample.ps1 >> C:\\SETUP.LOG 2>&1\nEND_PS_EX_SETUP_COMPLETE","customAttributes":null,"hpProvided":true,"dependentArtifacts":null}