{"type":"PlanScript","uri":null,"category":null,"eTag":null,"created":null,"modified":null,"id":"80689a0b-dbd6-4155-8ef8-97302216d0c2","name":"HPE - Windows - Power Plan","description":"Sets the power plan to one of the following:\n\nBalanced\nHigh Performance\nPower Saver","status":null,"state":null,"planType":"deploy","content":"# (c) Copyright 2017-2018 Hewlett Packard Enterprise Development LP\n#\n# Licensed under the Apache License, Version 2.0 (the \"License\");\n# you may not use this file except in compliance with the License.\n# You may obtain a copy of the License at #http://www.apache.org/licenses/LICENSE-2.0\n#\n# Unless required by applicable law or agreed to in writing, software distributed\n# under the License is distributed on an \"AS IS\" BASIS, WITHOUT WARRANTIES OR\n# CONDITIONS OF ANY KIND, either express or implied. See the License for the\n# specific language governing permissions and limitations under the License.\n\n# Set power plan\n\n# PowerPlan supported values:\n#     Balanced\n#     High Performance\n#     Power Saver\n# Add above as options for PowerPlan custom attribute in build plan after changing CA type to \"Option\"\n# Setting default value @PowerPlan:Balanced@\n \n-mkdir-p /ISdeploy/SetupComplete\n\nupload -<<END_CREATE_POWER_PLAN_CMD /ISdeploy/Temp/PowerPlan.sh\n#!/bin/bash\n\npower_plan=381b4222-f694-41f0-9685-ff5bb260df2e # Default: Balanced\nif [ \"@PowerPlan@\" == \"High Performance\" ] ; then\n    power_plan=8c5e7fda-e8bf-4a96-9a85-a6e23a8c635c\nelif [ \"@PowerPlan@\" == \"Power Saver\" ] ; then\n    power_plan=a1841308-3541-4fab-bc81-f71556f20b4a\nfi\n\necho >> PowerPlan.cmd\necho \"powercfg.exe /setactive ${power_plan} >> C:\\SETUP.LOG\" >> PowerPlan.cmd\necho >> PowerPlan.cmd\nunix2dos PowerPlan.cmd\n\nexit 0\nEND_CREATE_POWER_PLAN_CMD\n\n# Create PowerPlan.cmd file from above script\ndownload /ISdeploy/Temp/PowerPlan.sh ./PowerPlan.sh\n!source ./PowerPlan.sh\n\n# Add PowerPlan.cmd to SetupComplete.cmd\nupload PowerPlan.cmd /ISdeploy/SetupComplete/PowerPlan.cmd","customAttributes":null,"hpProvided":true,"dependentArtifacts":null}