{"type":"OeBuildPlan","uri":null,"category":null,"eTag":null,"created":null,"modified":null,"buildPlanid":"843913ec-10ff-413b-87b4-bfea4bc6e36c","name":"HPE - Windows - Example - Single Unattend","description":"Personalize Windows 2016 image using a single Unattend.xml .","status":null,"hpProvided":true,"oeBuildPlanType":"deploy","buildStep":[{"planScriptUri":"/rest/plan-scripts/9427046b-ccb7-4fcb-ac60-b2229f5b66c8","serialNumber":"1","parameters":null,"planScriptName":"HPE - Windows - Mount"},{"planScriptUri":"/rest/plan-scripts/f0996527-1c6c-43b6-bc19-9bcd384a8720","serialNumber":"2","parameters":null,"planScriptName":"HPE - Windows - Example - Single Unattend"},{"planScriptUri":"/rest/plan-scripts/92572b46-7ef1-4484-ad6d-350229341d76","serialNumber":"3","parameters":null,"planScriptName":"HPE - Windows - Unmount"}],"customAttributes":[{"name":"UserName","description":"","value":"","constraints":"{}","type":"string"},{"name":"UserPassword","description":"","value":"","constraints":"{\"maxlen\":\"20\"}","type":"password"},{"name":"UserDisplayName","description":"","value":"","constraints":"{}","type":"string"}],"dependentArtifacts":null}