{"type":"PlanScript","uri":null,"category":null,"eTag":null,"created":null,"modified":null,"id":"92572b46-7ef1-4484-ad6d-350229341d76","name":"HPE - Windows - Unmount","description":"Creates SetupComplete.cmd, Windows restart script, removes sensitive data, cleanup unattend.xml and unmounts Windows file systems.","status":null,"state":null,"planType":"general","content":"# (c) Copyright 2017-2018 Hewlett Packard Enterprise Development LP\n#\n# Licensed under the Apache License, Version 2.0 (the \"License\");\n# you may not use this file except in compliance with the License.\n# You may obtain a copy of the License at #http://www.apache.org/licenses/LICENSE-2.0\n#\n# Unless required by applicable law or agreed to in writing, software distributed\n# under the License is distributed on an \"AS IS\" BASIS, WITHOUT WARRANTIES OR\n# CONDITIONS OF ANY KIND, either express or implied. See the License for the\n# specific language governing permissions and limitations under the License\n\n# This plan script performs the following:\n#   - Add command to delete unattend.xml \n#   - Removes Sensitive Data\n#   - Creates restart script\n#   - Creates SetupComplete.cmd\n#   - Unmounts OS volume \n\n-mkdir-p /ISdeploy/Scripts\n-mkdir-p /ISdeploy/SetupComplete\n-mkdir-p /ISdeploy/Temp\n\n# <<< START OF SCRIPT TO DELETE UNATTEND.XML <<<\n\n# Unattend.xml is deleted from S drive as AdministratorPassword/Password value is visible in it.\n# Invoke command in SetupComplete.cmd \n\nupload -<<END_DELETE_UNATTEND /ISdeploy/SetupComplete/DeleteUnattend.cmd\nif exist S:\\ISdeploy\\Unattend.xml del S:\\ISdeploy\\Unattend.xml >> C:\\SETUP.LOG 2>&1\nEND_DELETE_UNATTEND\n\n# >>> END OF SCRIPT TO DELETE UNATTEND.XML >>>\n\n# <<< START OF SCRIPT TO REMOVE SENSITIVE DATA <<<\n\n# Create on Windows volume the PowerShell script that removes sensitive data\n\nupload -<<END_REMOVE_DATA_SCRIPT /ISdeploy/Scripts/RemoveSensitiveData.ps1\n$files = Get-ChildItem -Path 'S:\\ISdeploy\\Scripts'\nforeach ($fileName in $files){\nif ($fileName.Name -ne 'RemoveSensitiveData.ps1'){\n\n$filePath = 'S:\\ISdeploy\\Scripts\\'+$fileName\n$regexA = '<#SENSITIVE_DATA_START#>(.|\\n)*?<#SENSITIVE_DATA_END#>'\n\n$text = (Get-Content -Path $filePath -ReadCount 0) -join \"`n\"\n$text -replace $regexA, '<#SENSITIVE_DATA_REMOVED#>' | Set-Content -Path $filePath \n}\n}\nEND_REMOVE_DATA_SCRIPT\n\n# Invoke above script second last, just before Restart Script \nupload -<<END_RUN_REMOVE_DATA_SCRIPT /ISdeploy/SetupComplete/zzzzRemoveSensitiveData.cmd\n\npowershell.exe -file S:\\ISdeploy\\Scripts\\RemoveSensitiveData.ps1 >> C:\\SETUP.LOG 2>&1\nEND_RUN_REMOVE_DATA_SCRIPT\n\n# >>>  END OF SCRIPT TO REMOVE SENSITIVE DATA  >>>\n\n# <<< START OF SCRIPT TO RESTART WINDOWS IF REQUIRED <<<\n\n# Create on Windows volume the PowerShell script that restarts Windows\n# This should added at the end of SetupComplete, so filename should appear last in \"ls\" output\nupload -<<END_RESTART_SCRIPT /ISdeploy/Scripts/RestartWindowsIfRequired.ps1\nif (Test-Path S:\\ISdeploy\\Restart-Required)\n{\n    shutdown /t 5 /r \n}\nEND_RESTART_SCRIPT\n\n# Invoke above script at the end in SetupComplete.cmd \nupload -<<END_RUN_RESTART_SCRIPT /ISdeploy/SetupComplete/zzzzzRunRestartScript.cmd\npowershell.exe -file S:\\ISdeploy\\Scripts\\RestartWindowsIfRequired.ps1 >> C:\\SETUP.LOG 2>&1\nEND_RUN_RESTART_SCRIPT\n\n# >>> END OF SCRIPT TO RESTART WINDOWS IF REQUIRED >>>\n\n\n# <<< START OF CREATE SetupComplete.cmd <<<\n\n# Get SetupComplete.cmd file from Windows volume\n-touch /ISdeploy/SetupComplete.cmd\ndownload /ISdeploy/SetupComplete.cmd SetupComplete.cmd\n\n# Get scriptlets from which to create complete SetupComplete.cmd\ncopy-out /ISdeploy/SetupComplete .\n\n# Script to generate SetupComplete.cmd from parts created by other scripts\nupload -<<END_CREATE_SETUP_COMPLETE /ISdeploy/Temp/CreateSetupComplete.sh\n#!/bin/bash\nSETUPCOMPLETE_DIR=./SetupComplete\nSETUPCOMPLETE_FILE=./SetupComplete.cmd\n\nfor script in `ls -1 \"${SETUPCOMPLETE_DIR}\"` ; do\n    echo \":: === ${script} ===\" >> \"${SETUPCOMPLETE_FILE}\"\n    echo \"cmd /c S:\\\\ISdeploy\\\\SetupComplete\\\\${script}\" >> \"${SETUPCOMPLETE_FILE}\"\n    echo >> \"${SETUPCOMPLETE_FILE}\"\ndone\n\n/usr/bin/unix2dos \"${SETUPCOMPLETE_FILE}\"\n\nexit 0\nEND_CREATE_SETUP_COMPLETE\n\n# Run script to create SetupComplete.cmd\ndownload /ISdeploy/Temp/CreateSetupComplete.sh CreateSetupComplete.sh\n!source ./CreateSetupComplete.sh\n\n# Copy merged SetupComplete.cmd back to Windwos volume\nupload ./SetupComplete.cmd /ISdeploy/SetupComplete.cmd\n\necho \"--- SetupComplete.cmd contents ---\"\ncat /ISdeploy/SetupComplete.cmd\n\n# >>> END OF CREATE SetupComplete.cmd >>>\n\n\n# === UNMOUNT ===\n\necho \"########################################\"\necho \"Cleanup and unmount file systems \"\necho \"########################################\"\n\necho \"Remove ImageStreamer temp directories\"\n-rm-rf /ISdeploy/Unattend\n-rm-rf /ISdeploy/Temp\n\necho \"Unmount file systems\"\numount /\necho","customAttributes":null,"hpProvided":true,"dependentArtifacts":null}