{"type":"PlanScript","uri":null,"category":null,"eTag":null,"created":null,"modified":null,"id":"a20307d0-9498-46d6-90e3-332682eb0c86","name":"HPE - Windows - User - Administrator","description":"Sets the \"Administrator\" user password.","status":null,"state":null,"planType":"deploy","content":"# (c) Copyright 2017-2018 Hewlett Packard Enterprise Development LP\n#\n# Licensed under the Apache License, Version 2.0 (the \"License\");\n# you may not use this file except in compliance with the License.\n# You may obtain a copy of the License at #http://www.apache.org/licenses/LICENSE-2.0\n#\n# Unless required by applicable law or agreed to in writing, software distributed\n# under the License is distributed on an \"AS IS\" BASIS, WITHOUT WARRANTIES OR\n# CONDITIONS OF ANY KIND, either express or implied. See the License for the\n# specific language governing permissions and limitations under the License.\n\n-mkdir-p /ISdeploy/Unattend/oobeSystem/Microsoft-Windows-Shell-Setup/UserAccounts\nupload -<<END12345 /ISdeploy/Unattend/oobeSystem/Microsoft-Windows-Shell-Setup/UserAccounts/AdministratorPassword.xml\n<AdministratorPassword>\n  <Value>@Password@</Value>\n  <PlainText>true</PlainText>\n</AdministratorPassword>\nEND12345","customAttributes":null,"hpProvided":true,"dependentArtifacts":null}