{"type":"PlanScript","uri":null,"category":null,"eTag":null,"created":null,"modified":null,"id":"b1cef921-f31e-4e82-bd01-d219fefde701","name":"HPE - Windows - User - Auto Logon","description":"Specifies the user account and password to log on to the computer automatically","status":null,"state":null,"planType":"deploy","content":"# (c) Copyright 2017-2018 Hewlett Packard Enterprise Development LP\n#\n# Licensed under the Apache License, Version 2.0 (the \"License\");\n# you may not use this file except in compliance with the License.\n# You may obtain a copy of the License at #http://www.apache.org/licenses/LICENSE-2.0\n#\n# Unless required by applicable law or agreed to in writing, software distributed\n# under the License is distributed on an \"AS IS\" BASIS, WITHOUT WARRANTIES OR\n# CONDITIONS OF ANY KIND, either express or implied. See the License for the\n# specific language governing permissions and limitations under the License.\n\n-mkdir-p /ISdeploy/Unattend/oobeSystem/Microsoft-Windows-Shell-Setup\nupload -<<END_AUTOLOGON /ISdeploy/Unattend/oobeSystem/Microsoft-Windows-Shell-Setup/AutoLogon.xml\n<AutoLogon>\n   <Password>\n      <Value>@AutoLogonPassword@</Value>\n   </Password>\n   <Enabled>true</Enabled>\n   <LogonCount>2</LogonCount>\n   <Username>@AutoLogonUsername:Administrator@</Username>\n</AutoLogon>\nEND_AUTOLOGON","customAttributes":null,"hpProvided":true,"dependentArtifacts":null}