{"type":"PlanScript","uri":null,"category":null,"eTag":null,"created":null,"modified":null,"id":"b4f9c98b-d8ae-4bc1-93a9-90fb0068caa6","name":"HPE - Windows - Network - Domain","description":"Joins the domain with credentials","status":null,"state":null,"planType":"deploy","content":"# (c) Copyright 2017-2018 Hewlett Packard Enterprise Development LP\n#\n# Licensed under the Apache License, Version 2.0 (the \"License\");\n# you may not use this file except in compliance with the License.\n# You may obtain a copy of the License at #http://www.apache.org/licenses/LICENSE-2.0\n#\n# Unless required by applicable law or agreed to in writing, software distributed\n# under the License is distributed on an \"AS IS\" BASIS, WITHOUT WARRANTIES OR\n# CONDITIONS OF ANY KIND, either express or implied. See the License for the\n# specific language governing permissions and limitations under the License.\n\n\n-mkdir-p /ISdeploy/Scripts\n-mkdir-p /ISdeploy/SetupComplete\n\n# Create PowerShell script on set domain\nupload -<<END_NETWORK_DOMAIN_PS1 /ISdeploy/Scripts/NetworkDomain.ps1\necho == NetworkDomain.ps1 ==\n\n$password = ConvertTo-SecureString -String <#SENSITIVE_DATA_START#> \"@DomainPassword@\" <#SENSITIVE_DATA_END#> -AsPlainText -Force\n\n$credential = New-Object -TypeName System.Management.Automation.PSCredential -ArgumentList \"@DomainAccount@\", $password\n\nAdd-Computer -DomainName \"@DomainName@\" -Credential $credential\n\nNew-Item  S:\\ISdeploy\\Restart-Required -type file -force\n\nEND_NETWORK_DOMAIN_PS1\n\n# Convert line endings to DOS-style\ndownload /ISdeploy/Scripts/NetworkDomain.ps1 ./NetworkDomain.ps1\n!unix2dos ./NetworkDomain.ps1\nupload ./NetworkDomain.ps1 /ISdeploy/Scripts/NetworkDomain.ps1\n\n# Invoke Network Domain script in SetupComplete.cmd\nupload -<<END_NETWORK_DOMAIN_CMD /ISdeploy/SetupComplete/NetworkDomain.cmd\npowershell.exe -file S:\\ISdeploy\\Scripts\\NetworkDomain.ps1 >> C:\\SETUP.LOG 2>&1\nEND_NETWORK_DOMAIN_CMD","customAttributes":null,"hpProvided":true,"dependentArtifacts":null}