{"type":"PlanScript","uri":null,"category":null,"eTag":null,"created":null,"modified":null,"id":"c57723a3-1ec8-4fbf-951e-c544cc71af10","name":"HPE - Windows - iSCSI Multi-path IO","description":"Enables multi-path IO for iSCSI","status":null,"state":null,"planType":"deploy","content":"# (c) Copyright 2017-2018 Hewlett Packard Enterprise Development LP\n#\n# Licensed under the Apache License, Version 2.0 (the \"License\");\n# you may not use this file except in compliance with the License.\n# You may obtain a copy of the License at #http://www.apache.org/licenses/LICENSE-2.0\n#\n# Unless required by applicable law or agreed to in writing, software distributed\n# under the License is distributed on an \"AS IS\" BASIS, WITHOUT WARRANTIES OR\n# CONDITIONS OF ANY KIND, either express or implied. See the License for the\n# specific language governing permissions and limitations under the License.\n\n# Enable MPIO\n\n-mkdir-p /ISdeploy/SetupComplete\n\nupload -<<END_ENABLE_MPIO /ISdeploy/SetupComplete/EnableMPIO.cmd\necho == EnableMPIO.cmd == >> C:\\SETUP.LOG\ndism /online /norestart /enable-feature:MultipathIO >> C:\\SETUP.LOG 2>&1\n\nmpclaim -e >> C:\\SETUP.LOG 2>&1\n\nmpclaim -n -i -d \"LEFTHANDiSCSIDisk\" >> C:\\SETUP.LOG 2>&1\n\nmpclaim -v %WINDIR%\\Temp\\iscsi_mpclaim.txt  \ntype %WINDIR%\\Temp\\iscsi_mpclaim.txt >> C:\\SETUP.LOG 2>&1\n\npowershell -command \"New-Item  S:\\ISdeploy\\Restart-Required -type file -force\" >> C:\\SETUP.LOG 2>&1\n\nEND_ENABLE_MPIO","customAttributes":null,"hpProvided":true,"dependentArtifacts":null}