{"type":"PlanScript","uri":null,"category":null,"eTag":null,"created":null,"modified":null,"id":"1f662213-933d-4660-8f73-231c07a6858a","name":"HPE - Windows - User - Add - 1 - 2019-07-16","description":"Adds another admin user account","status":null,"state":null,"planType":"deploy","content":"# (c) Copyright 2017-2019 Hewlett Packard Enterprise Development LP\n#\n# Licensed under the Apache License, Version 2.0 (the \"License\");\n# you may not use this file except in compliance with the License.\n# You may obtain a copy of the License at #http://www.apache.org/licenses/LICENSE-2.0\n#\n# Unless required by applicable law or agreed to in writing, software distributed\n# under the License is distributed on an \"AS IS\" BASIS, WITHOUT WARRANTIES OR\n# CONDITIONS OF ANY KIND, either express or implied. See the License for the\n# specific language governing permissions and limitations under the License.\n\n-mkdir-p /ISdeploy/Unattend/oobeSystem/Microsoft-Windows-Shell-Setup/UserAccounts/LocalAccounts\nupload -<<END12345 /ISdeploy/Unattend/oobeSystem/Microsoft-Windows-Shell-Setup/UserAccounts/LocalAccounts/User1.xml\n<LocalAccount wcm:action=\"add\">\n   <Password>\n    <Value>@User1Password@</Value>\n    <PlainText>true</PlainText>\n  </Password>\n<Description>Test account</Description>\n<DisplayName>@User1DisplayName@</DisplayName>\n<Group>Administrators;Power Users</Group>\n<Name>@User1Name@</Name>\n</LocalAccount>\nEND12345","customAttributes":null,"hpProvided":true,"dependentArtifacts":null}