{"type":"PlanScript","uri":null,"category":null,"eTag":null,"created":null,"modified":null,"id":"274f7148-2a69-4c23-94da-e397d286dbb9","name":"HPE - Windows - Unattend - Debug - 2019-07-16","description":"Validates XML syntax of Unattend.xml and logs the contents in deployment log. \n\nNOTE: Passwords will be logged in deployment log in clear text, hence this script should be used for troubleshooting only.","status":null,"state":null,"planType":"deploy","content":"# (c) Copyright 2017-2019 Hewlett Packard Enterprise Development LP\n#\n# Licensed under the Apache License, Version 2.0 (the \"License\");\n# you may not use this file except in compliance with the License.\n# You may obtain a copy of the License at #http://www.apache.org/licenses/LICENSE-2.0\n#\n# Unless required by applicable law or agreed to in writing, software distributed\n# under the License is distributed on an \"AS IS\" BASIS, WITHOUT WARRANTIES OR\n# CONDITIONS OF ANY KIND, either express or implied. See the License for the\n# specific language governing permissions and limitations under the License.\n\n-mkdir-p /ISdeploy/Temp\n\nupload -<<END_CHECK_UNATTEND /ISdeploy/Temp/CheckUnattend.sh\n\n# Check XML\n/usr/bin/xmllint -format ./Unattend.xml > ./Unattend.xml.test\nif [ $? -eq 0 ] ; then\n    echo \"Unattend.xml has valid XML syntax\"\n    exit 0\nelse\n    echo \"Unattend.xml has invalid XML syntax\"\n    exit 1\nfi\nEND_CHECK_UNATTEND\n\ndownload /ISdeploy/Unattend.xml ./Unattend.xml\ndownload /ISdeploy/Temp/CheckUnattend.sh ./CheckUnattend.sh\n!source ./CheckUnattend.sh\n\necho \"-------- Unattend.xml ----------\"\ncat /ISdeploy/Unattend.xml","customAttributes":null,"hpProvided":true,"dependentArtifacts":null}