{"type":"OeBuildPlan","uri":null,"category":null,"eTag":null,"created":null,"modified":null,"buildPlanid":"2a25d7ef-55ae-411d-aea1-a70a5c044b60","name":"HPE - Windows - Example - Deploy - 2019-07-16","description":"Personalize Windows 2016 image. This  build plan includes all example scripts with their custom attribute settings configured properly.","status":null,"hpProvided":true,"oeBuildPlanType":"deploy","buildStep":[{"planScriptUri":"/rest/plan-scripts/abf5d73c-3e42-4c59-8f85-35287a6f0a18","serialNumber":"1","parameters":null,"planScriptName":"HPE - Windows - Mount - 2019-07-16"},{"planScriptUri":"/rest/plan-scripts/faaf1f29-99d2-45a6-a1e1-a572a1ff1066","serialNumber":"2","parameters":null,"planScriptName":"HPE - Windows - Initialize - 2019-07-16"},{"planScriptUri":"/rest/plan-scripts/db1afa91-f2cf-4ef2-8cc5-3ed0b4ac1c3f","serialNumber":"3","parameters":null,"planScriptName":"HPE - Windows - Example - Commands in Unattend - 2019-07-16"},{"planScriptUri":"/rest/plan-scripts/a7b663aa-2097-47ed-a48b-01a9bb4c561b","serialNumber":"4","parameters":null,"planScriptName":"HPE - Windows - Example - First Logon Commands - 2019-07-16"},{"planScriptUri":"/rest/plan-scripts/201b037c-0b16-4097-9ccd-3fa9c05b0b26","serialNumber":"5","parameters":null,"planScriptName":"HPE - Windows - Example - Logon Commands - 2019-07-16"},{"planScriptUri":"/rest/plan-scripts/69bb9e58-38bd-4453-9206-2da63d4190aa","serialNumber":"6","parameters":null,"planScriptName":"HPE - Windows - Example - PowerShell - 2019-07-16"},{"planScriptUri":"/rest/plan-scripts/fc34c265-b257-4a73-a7fd-46a605fcd0c2","serialNumber":"7","parameters":null,"planScriptName":"HPE - Windows - Example - Registry Edit - 2019-07-16"},{"planScriptUri":"/rest/plan-scripts/ed3e7775-e70b-4264-805a-32526a2a8428","serialNumber":"8","parameters":null,"planScriptName":"HPE - Windows - Example - Registry Edit with .reg - 2019-07-16"},{"planScriptUri":"/rest/plan-scripts/c8e159ad-07cd-40a7-bd50-73975247560f","serialNumber":"9","parameters":null,"planScriptName":"HPE - Windows - Hostname - 2019-07-16"},{"planScriptUri":"/rest/plan-scripts/9d7d921d-f6ee-4425-a58c-88c165cb4637","serialNumber":"10","parameters":null,"planScriptName":"HPE - Windows - Hyper - V - Enable - 2019-07-16"},{"planScriptUri":"/rest/plan-scripts/78c95579-9435-4611-be6a-b93bc2e90ada","serialNumber":"11","parameters":null,"planScriptName":"HPE - Windows - Locale - 2019-07-16"},{"planScriptUri":"/rest/plan-scripts/9c1eace6-cb18-4dcd-9588-4afdccb42577","serialNumber":"12","parameters":null,"planScriptName":"HPE - Windows - Network - Non-HA Configuration - 2019-07-16"},{"planScriptUri":"/rest/plan-scripts/2c1e6183-b72d-4895-a271-820d5b1635ac","serialNumber":"13","parameters":null,"planScriptName":"HPE - Windows - Network - Proxy - 2019-07-16"},{"planScriptUri":"/rest/plan-scripts/733a88a3-a39e-476b-a16a-061abadc58f1","serialNumber":"14","parameters":null,"planScriptName":"HPE - Windows - OEM Information - 2019-07-16"},{"planScriptUri":"/rest/plan-scripts/c56874f0-f6a0-4c93-9cb2-8f41f23fda32","serialNumber":"15","parameters":null,"planScriptName":"HPE - Windows - Owner Info - 2019-07-16"},{"planScriptUri":"/rest/plan-scripts/5c88123b-f23a-42d6-99f4-2b44fde528d0","serialNumber":"16","parameters":null,"planScriptName":"HPE - Windows - Pagefile - Custom Size - 2019-07-16"},{"planScriptUri":"/rest/plan-scripts/88f08f85-9d7f-474c-a0e9-cbcd761c2f96","serialNumber":"17","parameters":null,"planScriptName":"HPE - Windows - Power Plan - 2019-07-16"},{"planScriptUri":"/rest/plan-scripts/3ae79907-848f-4f0a-a9d8-17a3d7f4d7b2","serialNumber":"18","parameters":null,"planScriptName":"HPE - Windows - Remote Desktop - 2019-07-16"},{"planScriptUri":"/rest/plan-scripts/3f65dd98-c48f-4fad-9e34-436e45191ea2","serialNumber":"19","parameters":null,"planScriptName":"HPE - Windows - Time Zone - 2019-07-16"},{"planScriptUri":"/rest/plan-scripts/1f662213-933d-4660-8f73-231c07a6858a","serialNumber":"20","parameters":null,"planScriptName":"HPE - Windows - User - Add - 1 - 2019-07-16"},{"planScriptUri":"/rest/plan-scripts/410bd601-7152-40e7-83a9-023a5f13fe6c","serialNumber":"21","parameters":null,"planScriptName":"HPE - Windows - User - Add - 2 - 2019-07-16"},{"planScriptUri":"/rest/plan-scripts/70e894bc-820e-4bae-b205-d27595880a07","serialNumber":"22","parameters":null,"planScriptName":"HPE - Windows - User - Administrator - 2019-07-16"},{"planScriptUri":"/rest/plan-scripts/7ebe7c9a-0bea-4c5a-bb15-ba1781936aec","serialNumber":"23","parameters":null,"planScriptName":"HPE - Windows - User - Auto Logon - 2019-07-16"},{"planScriptUri":"/rest/plan-scripts/25c3fe2c-9782-4a7f-afde-bc0075ed91f8","serialNumber":"24","parameters":null,"planScriptName":"HPE - Windows - Unattend - Save - 2019-07-16"},{"planScriptUri":"/rest/plan-scripts/274f7148-2a69-4c23-94da-e397d286dbb9","serialNumber":"25","parameters":null,"planScriptName":"HPE - Windows - Unattend - Debug - 2019-07-16"},{"planScriptUri":"/rest/plan-scripts/ea1431a2-e02f-41f4-80f4-38ad34342ec3","serialNumber":"26","parameters":null,"planScriptName":"HPE - Windows - Unmount - 2019-07-16"}],"customAttributes":[{"name":"OrganizationName","description":"","value":"Default","constraints":"{\"regex\":\"\",\"helpText\":\"\"}","type":"string"},{"name":"ProxyServerAddress","description":"Specify Fully Qualified Domain Name\ne.g- proxy.example.com","value":"","constraints":"{\"regex\":\"\",\"helpText\":\"\"}","type":"string"},{"name":"OwnerName","description":"","value":"Default","constraints":"{\"regex\":\"\",\"helpText\":\"\"}","type":"string"},{"name":"ProxyServerSkipForAddresses","description":"","value":"localhost","constraints":"{\"regex\":\"\",\"helpText\":\"\"}","type":"string"},{"name":"User1Name","description":"","value":"User1","constraints":"{\"regex\":\"\",\"helpText\":\"\"}","type":"string"},{"name":"User1DisplayName","description":"","value":"User 1","constraints":"{\"regex\":\"\",\"helpText\":\"\"}","type":"string"},{"name":"User1Password","description":"","value":"","constraints":"{\"maxlen\":\"20\"}","type":"password"},{"name":"AutoLogonUsername","description":"","value":"Administrator","constraints":"{}","type":"string"},{"name":"User2Password","description":"","value":"","constraints":"{\"maxlen\":\"20\"}","type":"password"},{"name":"Password","description":"Administrator Password","value":"","constraints":"{\"maxlen\":\"20\"}","type":"password"},{"name":"User2DisplayName","description":"","value":"User 2","constraints":"{\"regex\":\"\",\"helpText\":\"\"}","type":"string"},{"name":"Hostname","description":"Hostname for Windows Server.  The hostname value can be defined manually or by using the tokens.  This value must conform to a valid hostname requirement defined for Microsoft Windows Server. It can be set to an asterisk (*) for Windows Server to generate a hostname.","value":"","constraints":"{\"helpText\":\"\"}","type":"hostname"},{"name":"ProxyServerPort","description":"","value":"8080","constraints":"{\"increment\":\"1\"}","type":"number"},{"name":"OEMManufacturerName","description":"","value":"Hewlett Packard Enterprise","constraints":"{}","type":"string"},{"name":"ManagementNIC","description":"","value":"","constraints":"{\"ipv4static\":true,\"ipv4dhcp\":true,\"ipv4disable\":true,\"parameters\":[\"dns1\",\"dns2\",\"gateway\",\"ipaddress\",\"mac\",\"netmask\"]}","type":"nic"},{"name":"RemoteDesktop","description":"","value":"Disallow","constraints":"{\"options\":[\"Disallow\",\"Allow (Network Level Authentication)\",\"Allow\"]}","type":"option"},{"name":"User2Name","description":"","value":"User2","constraints":"{\"regex\":\"\",\"helpText\":\"\"}","type":"string"},{"name":"DisplayLanguage","description":"","value":"English (United States)","constraints":"{\"options\":[\"English (United States)\",\"French (France)\",\"German (Germany)\",\"Japanese (Japan)\",\"Arabic (Saudi Arabia)\",\"Chinese (PRC)\",\"Korean (Korea)\",\"Portuguese (Brazil)\",\"Russian (Russia)\"]}","type":"option"},{"name":"TimeZone","description":"","value":"GMT Standard Time","constraints":"{\"options\":[\"GMT Standard Time\",\"Arabian Standard Time\",\"AUS Eastern Standard Time\",\"Central Standard Time\",\"China Standard Time\",\"Eastern Standard Time\",\"India Standard Time\",\"Mountain Standard Time\",\"Singapore Standard Time\",\"Tokyo Standard Time\"]}","type":"option"},{"name":"PagefileMinimumSizeMB","description":"","value":"1024","constraints":"{\"increment\":\"1\",\"unit\":\"MB\"}","type":"number"},{"name":"OEMModelName","description":"","value":"Synergy 480 Gen9","constraints":"{}","type":"string"},{"name":"AutoLogonPassword","description":"","value":"","constraints":"{\"maxlen\":\"20\"}","type":"password"},{"name":"KeyboardLayout","description":"","value":"English (United States)","constraints":"{\"options\":[\"English (United States)\",\"Arabic (101)\",\"Chinese (Traditional) - US Keyboard\",\"Japanese\",\"Korean\",\"United Kingdom Extended\",\"United States - Dvorak\"]}","type":"option"},{"name":"PagefileMaximumSizeMB","description":"","value":"10240","constraints":"{\"increment\":\"1\",\"unit\":\"MB\"}","type":"number"},{"name":"PowerPlan","description":"","value":"Balanced","constraints":"{\"options\":[\"Balanced\",\"High Performance\",\"Power Saver\"]}","type":"option"}],"dependentArtifacts":null}