{"type":"OeBuildPlan","uri":null,"category":null,"eTag":null,"created":null,"modified":null,"buildPlanid":"2fefec0c-8a9d-4620-bc3b-2fe40569cae2","name":"HPE - Windows - Example - Single Unattend - 2019-07-16","description":"Personalize Windows 2016 image using a single Unattend.xml .","status":null,"hpProvided":true,"oeBuildPlanType":"deploy","buildStep":[{"planScriptUri":"/rest/plan-scripts/abf5d73c-3e42-4c59-8f85-35287a6f0a18","serialNumber":"1","parameters":null,"planScriptName":"HPE - Windows - Mount - 2019-07-16"},{"planScriptUri":"/rest/plan-scripts/8d626166-189e-4fcc-ab6e-3bf06af1a1ef","serialNumber":"2","parameters":null,"planScriptName":"HPE - Windows - Example - Single Unattend - 2019-07-16"},{"planScriptUri":"/rest/plan-scripts/ea1431a2-e02f-41f4-80f4-38ad34342ec3","serialNumber":"3","parameters":null,"planScriptName":"HPE - Windows - Unmount - 2019-07-16"}],"customAttributes":[{"name":"UserName","description":"","value":"","constraints":"{}","type":"string"},{"name":"UserPassword","description":"","value":"","constraints":"{\"maxlen\":\"20\"}","type":"password"},{"name":"UserDisplayName","description":"","value":"","constraints":"{}","type":"string"}],"dependentArtifacts":null}