{"type":"OeBuildPlan","uri":null,"category":null,"eTag":null,"created":null,"modified":null,"buildPlanid":"477fe2d6-f841-41c5-abbe-37b8b6dbd5b8","name":"HPE - Windows - Deploy - HA - 2019-07-16","description":"Personalize Windows 2016 /2019 image with management NICs teamed for high-availability. It is used for multi-frame environment containing a pair of ImageStreamer appliances.","status":null,"hpProvided":true,"oeBuildPlanType":"deploy","buildStep":[{"planScriptUri":"/rest/plan-scripts/abf5d73c-3e42-4c59-8f85-35287a6f0a18","serialNumber":"1","parameters":null,"planScriptName":"HPE - Windows - Mount - 2019-07-16"},{"planScriptUri":"/rest/plan-scripts/faaf1f29-99d2-45a6-a1e1-a572a1ff1066","serialNumber":"2","parameters":null,"planScriptName":"HPE - Windows - Initialize - 2019-07-16"},{"planScriptUri":"/rest/plan-scripts/9d7d921d-f6ee-4425-a58c-88c165cb4637","serialNumber":"3","parameters":null,"planScriptName":"HPE - Windows - Hyper - V - Enable - 2019-07-16"},{"planScriptUri":"/rest/plan-scripts/8ce81f77-207f-441f-845a-50375b0f1afe","serialNumber":"4","parameters":null,"planScriptName":"HPE - Windows - iSCSI Multi-path IO - 2019-07-16"},{"planScriptUri":"/rest/plan-scripts/78c95579-9435-4611-be6a-b93bc2e90ada","serialNumber":"5","parameters":null,"planScriptName":"HPE - Windows - Locale - 2019-07-16"},{"planScriptUri":"/rest/plan-scripts/8c7bd3bd-f699-4ca3-8307-959f2c58f729","serialNumber":"6","parameters":null,"planScriptName":"HPE - Windows - Network - Domain - 2019-07-16"},{"planScriptUri":"/rest/plan-scripts/cd716adb-91f4-4983-9d59-c711942869bb","serialNumber":"7","parameters":null,"planScriptName":"HPE - Windows - Network - HA Configuration - 2019-07-16"},{"planScriptUri":"/rest/plan-scripts/2c1e6183-b72d-4895-a271-820d5b1635ac","serialNumber":"8","parameters":null,"planScriptName":"HPE - Windows - Network - Proxy - 2019-07-16"},{"planScriptUri":"/rest/plan-scripts/88f08f85-9d7f-474c-a0e9-cbcd761c2f96","serialNumber":"9","parameters":null,"planScriptName":"HPE - Windows - Power Plan - 2019-07-16"},{"planScriptUri":"/rest/plan-scripts/3ae79907-848f-4f0a-a9d8-17a3d7f4d7b2","serialNumber":"10","parameters":null,"planScriptName":"HPE - Windows - Remote Desktop - 2019-07-16"},{"planScriptUri":"/rest/plan-scripts/3f65dd98-c48f-4fad-9e34-436e45191ea2","serialNumber":"11","parameters":null,"planScriptName":"HPE - Windows - Time Zone - 2019-07-16"},{"planScriptUri":"/rest/plan-scripts/1f662213-933d-4660-8f73-231c07a6858a","serialNumber":"12","parameters":null,"planScriptName":"HPE - Windows - User - Add - 1 - 2019-07-16"},{"planScriptUri":"/rest/plan-scripts/70e894bc-820e-4bae-b205-d27595880a07","serialNumber":"13","parameters":null,"planScriptName":"HPE - Windows - User - Administrator - 2019-07-16"},{"planScriptUri":"/rest/plan-scripts/25c3fe2c-9782-4a7f-afde-bc0075ed91f8","serialNumber":"14","parameters":null,"planScriptName":"HPE - Windows - Unattend - Save - 2019-07-16"},{"planScriptUri":"/rest/plan-scripts/ea1431a2-e02f-41f4-80f4-38ad34342ec3","serialNumber":"15","parameters":null,"planScriptName":"HPE - Windows - Unmount - 2019-07-16"}],"customAttributes":[{"name":"ProxyServerAddress","description":"Specify Fully Qualified Domain Name\ne.g- proxy.example.com","value":"","constraints":"{\"regex\":\"\",\"helpText\":\"\"}","type":"string"},{"name":"ProxyServerSkipForAddresses","description":"","value":"localhost","constraints":"{\"regex\":\"\",\"helpText\":\"\"}","type":"string"},{"name":"User1Name","description":"","value":"","constraints":"{\"regex\":\"\",\"helpText\":\"\"}","type":"string"},{"name":"DomainName","description":"Specify Fully Qualified Domain Name\ne.g- domain.example.com","value":"","constraints":"{\"helpText\":\"\"}","type":"fqdn"},{"name":"User1DisplayName","description":"","value":"","constraints":"{\"regex\":\"\",\"helpText\":\"\"}","type":"string"},{"name":"DomainAccount","description":"","value":"","constraints":"{}","type":"string"},{"name":"ProxyServerPort","description":"","value":"8080","constraints":"{\"increment\":\"1\"}","type":"number"},{"name":"DomainPassword","description":"","value":"","constraints":"{\"maxlen\":\"20\"}","type":"password"},{"name":"RemoteDesktop","description":"","value":"Disallow","constraints":"{\"options\":[\"Disallow\",\"Allow (Network Level Authentication)\",\"Allow\"]}","type":"option"},{"name":"DisplayLanguage","description":"","value":"English (United States)","constraints":"{\"options\":[\"English (United States)\",\"French (France)\",\"German (Germany)\",\"Japanese (Japan)\",\"Arabic (Saudi Arabia)\",\"Chinese (PRC)\",\"Korean (Korea)\",\"Portuguese (Brazil)\",\"Russian (Russia)\"]}","type":"option"},{"name":"TimeZone","description":"","value":"GMT Standard Time","constraints":"{\"options\":[\"GMT Standard Time\",\"Arabian Standard Time\",\"AUS Eastern Standard Time\",\"Central Standard Time\",\"China Standard Time\",\"Eastern Standard Time\",\"India Standard Time\",\"Mountain Standard Time\",\"Singapore Standard Time\",\"Tokyo Standard Time\"]}","type":"option"},{"name":"ManagementNIC2","description":"","value":"","constraints":"{\"ipv4static\":true,\"ipv4dhcp\":true,\"ipv4disable\":true,\"parameters\":[\"mac\"]}","type":"nic"},{"name":"ManagementNIC1","description":"","value":"","constraints":"{\"ipv4static\":true,\"ipv4dhcp\":true,\"ipv4disable\":true,\"parameters\":[\"dns1\",\"dns2\",\"gateway\",\"ipaddress\",\"mac\",\"netmask\"]}","type":"nic"},{"name":"KeyboardLayout","description":"","value":"English (United States)","constraints":"{\"options\":[\"English (United States)\",\"Arabic (101)\",\"Chinese (Traditional) - US Keyboard\",\"Japanese\",\"Korean\",\"United Kingdom Extended\",\"United States - Dvorak\"]}","type":"option"},{"name":"User1Password","description":"","value":"","constraints":"{\"maxlen\":\"20\"}","type":"password"},{"name":"PowerPlan","description":"","value":"Balanced","constraints":"{\"options\":[\"Balanced\",\"High Performance\",\"Power Saver\"]}","type":"option"},{"name":"Password","description":"Administrator Password","value":"","constraints":"{\"maxlen\":\"20\"}","type":"password"}],"dependentArtifacts":null}