{"type":"PlanScript","uri":null,"category":null,"eTag":null,"created":null,"modified":null,"id":"793ec0fc-8c89-4484-8f16-edfad2eb957e","name":"HPE - Windows - Product Key - 2019-07-16","description":"Specifies the key used to activate Windows.\nEntering an invalid product key in the answer file will cause Windows Setup to fail.","status":null,"state":null,"planType":"deploy","content":"# (c) Copyright 2017-2019 Hewlett Packard Enterprise Development LP\n#\n# Licensed under the Apache License, Version 2.0 (the \"License\");\n# you may not use this file except in compliance with the License.\n# You may obtain a copy of the License at #http://www.apache.org/licenses/LICENSE-2.0\n#\n# Unless required by applicable law or agreed to in writing, software distributed\n# under the License is distributed on an \"AS IS\" BASIS, WITHOUT WARRANTIES OR\n# CONDITIONS OF ANY KIND, either express or implied. See the License for the\n# specific language governing permissions and limitations under the License\n\n-mkdir-p /ISdeploy/Unattend/specialize/Microsoft-Windows-Shell-Setup\nupload -<<END_PRODUCT_KEY /ISdeploy/Unattend/specialize/Microsoft-Windows-Shell-Setup/ProductKey.xml\n<ProductKey>@WindowsProductKey@</ProductKey>\nEND_PRODUCT_KEY","customAttributes":null,"hpProvided":true,"dependentArtifacts":null}