{"type":"PlanScript","uri":null,"category":null,"eTag":null,"created":null,"modified":null,"id":"c56874f0-f6a0-4c93-9cb2-8f41f23fda32","name":"HPE - Windows - Owner Info - 2019-07-16","description":"Sets the value for computer's owner and orginization of computer's owner","status":null,"state":null,"planType":"deploy","content":"# (c) Copyright 2017-2019 Hewlett Packard Enterprise Development LP\n#\n# Licensed under the Apache License, Version 2.0 (the \"License\");\n# you may not use this file except in compliance with the License.\n# You may obtain a copy of the License at #http://www.apache.org/licenses/LICENSE-2.0\n#\n# Unless required by applicable law or agreed to in writing, software distributed\n# under the License is distributed on an \"AS IS\" BASIS, WITHOUT WARRANTIES OR\n# CONDITIONS OF ANY KIND, either express or implied. See the License for the\n# specific language governing permissions and limitations under the License\n\n-mkdir-p /ISdeploy/Unattend/specialize/Microsoft-Windows-Shell-Setup\nupload -<<END_OWNER_XML /ISdeploy/Unattend/specialize/Microsoft-Windows-Shell-Setup/Owner.xml\n<RegisteredOwner>@OwnerName@</RegisteredOwner>\n<RegisteredOrganization>@OrganizationName@</RegisteredOrganization>\nEND_OWNER_XML","customAttributes":null,"hpProvided":true,"dependentArtifacts":null}