{"type":"PlanScript","uri":null,"category":null,"eTag":null,"created":null,"modified":null,"id":"db1afa91-f2cf-4ef2-8cc5-3ed0b4ac1c3f","name":"HPE - Windows - Example - Commands in Unattend - 2019-07-16","description":"Example script to run commands synchronously during unattended installation","status":null,"state":null,"planType":"deploy","content":"# (c) Copyright 2017-2019 Hewlett Packard Enterprise Development LP\n#\n# Licensed under the Apache License, Version 2.0 (the \"License\");\n# you may not use this file except in compliance with the License.\n# You may obtain a copy of the License at #http://www.apache.org/licenses/LICENSE-2.0\n#\n# Unless required by applicable law or agreed to in writing, software distributed\n# under the License is distributed on an \"AS IS\" BASIS, WITHOUT WARRANTIES OR\n# CONDITIONS OF ANY KIND, either express or implied. See the License for the\n# specific language governing permissions and limitations under the License\n\n\n\nmkdir-p /ISdeploy/Scripts\n\nupload -<<END_SAMPLE_SCRIPT /ISdeploy/Scripts/UnattendCommandExample.cmd\n\necho \"== UnattendCommandExample.cmd ==\" >> C:\\SETUP.LOG \ndir >> C:\\SETUP.LOG 2>&1\nEND_SAMPLE_SCRIPT\n\n-mkdir-p /ISdeploy/Unattend/specialize/Microsoft-Windows-Deployment/RunSynchronous\nupload -<<END_RUN_SYNC_EXAMPLE /ISdeploy/Unattend/specialize/Microsoft-Windows-Deployment/RunSynchronous/Example.xml\n    <RunSynchronousCommand wcm:action=\"add\">\n      <Description>Run a script</Description>\n      <Order>1</Order>\n      <Path>S:\\ISdeploy\\Scripts\\UnattendCommandExample.cmd</Path>\n      <WillReboot>Never</WillReboot>\n   </RunSynchronousCommand>\n   <RunSynchronousCommand wcm:action=\"add\">\n      <Description>Run a script</Description>\n      <Order>2</Order>\n      <Path>S:\\ISdeploy\\Scripts\\UnattendCommandExample.cmd</Path>\n      <WillReboot>Never</WillReboot>\n   </RunSynchronousCommand>\nEND_RUN_SYNC_EXAMPLE","customAttributes":null,"hpProvided":true,"dependentArtifacts":null}