{"type":"PlanScript","uri":null,"category":null,"eTag":null,"created":null,"modified":null,"id":"00b4dd3a-5cb0-4c63-86b8-b4fb8b419802","name":"HPE - Windows - Initialize","description":"Sets the default configuration in Unattend.xml, such as disabling OOBE.","status":null,"state":null,"planType":"deploy","content":"# (c) Copyright 2017-2018 Hewlett Packard Enterprise Development LP\n#\n# Licensed under the Apache License, Version 2.0 (the \"License\");\n# you may not use this file except in compliance with the License.\n# You may obtain a copy of the License at #http://www.apache.org/licenses/LICENSE-2.0\n#\n# Unless required by applicable law or agreed to in writing, software distributed\n# under the License is distributed on an \"AS IS\" BASIS, WITHOUT WARRANTIES OR\n# CONDITIONS OF ANY KIND, either express or implied. See the License for the\n# specific language governing permissions and limitations under the License.\n\n-mkdir-p /ISdeploy/Unattend/oobeSystem/Microsoft-Windows-Shell-Setup\n\nupload -<<END_OOBE_XML /ISdeploy/Unattend/oobeSystem/Microsoft-Windows-Shell-Setup/OOBE.xml\n<OOBE>\n   <HideEULAPage>true</HideEULAPage>\n   <NetworkLocation>Other</NetworkLocation>\n   <ProtectYourPC>2</ProtectYourPC>\n   <SkipUserOOBE>true</SkipUserOOBE>\n</OOBE>\nEND_OOBE_XML","customAttributes":null,"hpProvided":true,"dependentArtifacts":null}