{"type":"OeBuildPlan","uri":null,"category":null,"eTag":null,"created":null,"modified":null,"buildPlanid":"077306ac-544b-4736-9bda-1ca3d321b29d","name":"HPE - Windows - Deploy - Non HA","description":"Personalize Windows 2016/2019 image with single management NIC for single frame configuration.","status":null,"hpProvided":true,"oeBuildPlanType":"deploy","buildStep":[{"planScriptUri":"/rest/plan-scripts/2fb7cb6a-d8a2-4573-aa31-86ab96a9d69f","serialNumber":"1","parameters":null,"planScriptName":"HPE - Windows - Mount"},{"planScriptUri":"/rest/plan-scripts/00b4dd3a-5cb0-4c63-86b8-b4fb8b419802","serialNumber":"2","parameters":null,"planScriptName":"HPE - Windows - Initialize"},{"planScriptUri":"/rest/plan-scripts/a0aa39c5-7874-4fd9-910f-cc61fc05a302","serialNumber":"3","parameters":null,"planScriptName":"HPE - Windows - Hyper - V - Enable"},{"planScriptUri":"/rest/plan-scripts/83ae8ec9-f21d-49e0-9696-7bc8db41f45f","serialNumber":"4","parameters":null,"planScriptName":"HPE - Windows - Locale"},{"planScriptUri":"/rest/plan-scripts/b3157db7-a34d-4ccc-b894-4be42362442b","serialNumber":"5","parameters":null,"planScriptName":"HPE - Windows - Network - Domain"},{"planScriptUri":"/rest/plan-scripts/1970dd3d-6350-4acf-8953-b00af2ab1578","serialNumber":"6","parameters":null,"planScriptName":"HPE - Windows - Network - Non-HA Configuration"},{"planScriptUri":"/rest/plan-scripts/a794efd3-c607-41a9-8a85-629dcaf82db2","serialNumber":"7","parameters":null,"planScriptName":"HPE - Windows - Network - Proxy"},{"planScriptUri":"/rest/plan-scripts/58922e0f-e13e-40bb-822d-eedefc390768","serialNumber":"8","parameters":null,"planScriptName":"HPE - Windows - Power Plan"},{"planScriptUri":"/rest/plan-scripts/32d91313-3452-45c4-95e5-1c7c38acccad","serialNumber":"9","parameters":null,"planScriptName":"HPE - Windows - Remote Desktop"},{"planScriptUri":"/rest/plan-scripts/6de4cca0-45a8-4704-a85a-bd70cd9fe7ad","serialNumber":"10","parameters":null,"planScriptName":"HPE - Windows - Time Zone"},{"planScriptUri":"/rest/plan-scripts/ed1ff316-fa82-471c-85ea-e464b769409c","serialNumber":"11","parameters":null,"planScriptName":"HPE - Windows - User - Add - 1"},{"planScriptUri":"/rest/plan-scripts/cd5b46c8-e66b-44bc-ab6e-6e2fb57a2d18","serialNumber":"12","parameters":null,"planScriptName":"HPE - Windows - User - Administrator"},{"planScriptUri":"/rest/plan-scripts/f90467af-e5a0-4b11-978e-f7cb3fa483d3","serialNumber":"13","parameters":null,"planScriptName":"HPE - Windows - Unattend - Save"},{"planScriptUri":"/rest/plan-scripts/51c4607f-fba3-4135-8e7c-162ac5279737","serialNumber":"14","parameters":null,"planScriptName":"HPE - Windows - Unmount"}],"customAttributes":[{"name":"ProxyServerAddress","description":"","value":"","constraints":"{\"regex\":\"\",\"helpText\":\"\"}","type":"string"},{"name":"ProxyServerSkipForAddresses","description":"","value":"localhost","constraints":"{\"regex\":\"\",\"helpText\":\"\"}","type":"string"},{"name":"User1Name","description":"","value":"","constraints":"{\"regex\":\"\",\"helpText\":\"\"}","type":"string"},{"name":"DomainName","description":"","value":"","constraints":"{\"helpText\":\"\"}","type":"fqdn"},{"name":"User1DisplayName","description":"","value":"","constraints":"{\"regex\":\"\",\"helpText\":\"\"}","type":"string"},{"name":"DomainAccount","description":"","value":"","constraints":"{}","type":"string"},{"name":"ProxyServerPort","description":"","value":"8080","constraints":"{\"increment\":\"1\"}","type":"number"},{"name":"DomainPassword","description":"","value":"","constraints":"{\"maxlen\":\"20\"}","type":"password"},{"name":"ManagementNIC","description":"","value":"","constraints":"{\"ipv4static\":true,\"ipv4dhcp\":true,\"ipv4disable\":false,\"parameters\":[\"dhcp\",\"dns1\",\"dns2\",\"gateway\",\"ipaddress\",\"mac\",\"netmask\"]}","type":"nic"},{"name":"RemoteDesktop","description":"","value":"Disallow","constraints":"{\"options\":[\"Disallow\",\"Allow (Network Level Authentication)\",\"Allow\"]}","type":"option"},{"name":"DisplayLanguage","description":"","value":"English (United States)","constraints":"{\"options\":[\"English (United States)\",\"French (France)\",\"German (Germany)\",\"Japanese (Japan)\",\"Arabic (Saudi Arabia)\",\"Chinese (PRC)\",\"Korean (Korea)\",\"Portuguese (Brazil)\",\"Russian (Russia)\"]}","type":"option"},{"name":"TimeZone","description":"","value":"GMT Standard Time","constraints":"{\"options\":[\"GMT Standard Time\",\"Arabian Standard Time\",\"AUS Eastern Standard Time\",\"Central Standard Time\",\"China Standard Time\",\"Eastern Standard Time\",\"India Standard Time\",\"Mountain Standard Time\",\"Singapore Standard Time\",\"Tokyo Standard Time\"]}","type":"option"},{"name":"KeyboardLayout","description":"","value":"English (United States)","constraints":"{\"options\":[\"English (United States)\",\"Arabic (101)\",\"Chinese (Traditional) - US Keyboard\",\"Japanese\",\"Korean\",\"United Kingdom Extended\",\"United States - Dvorak\"]}","type":"option"},{"name":"User1Password","description":"","value":"","constraints":"{\"maxlen\":\"20\"}","type":"password"},{"name":"PowerPlan","description":"","value":"Balanced","constraints":"{\"options\":[\"Balanced\",\"High Performance\",\"Power Saver\"]}","type":"option"},{"name":"Password","description":"Administrator Password","value":"","constraints":"{\"maxlen\":\"20\"}","type":"password"}],"dependentArtifacts":null}