{"type":"OeBuildPlan","uri":null,"category":null,"eTag":null,"created":null,"modified":null,"buildPlanid":"28c8d8b4-1351-46c9-af09-c8eca6b873c5","name":"HPE - Windows - Example - Deploy","description":"Personalize Windows 2016/2019 image. This  build plan includes all example scripts with their custom attribute settings configured properly.","status":null,"hpProvided":true,"oeBuildPlanType":"deploy","buildStep":[{"planScriptUri":"/rest/plan-scripts/2fb7cb6a-d8a2-4573-aa31-86ab96a9d69f","serialNumber":"1","parameters":null,"planScriptName":"HPE - Windows - Mount"},{"planScriptUri":"/rest/plan-scripts/00b4dd3a-5cb0-4c63-86b8-b4fb8b419802","serialNumber":"2","parameters":null,"planScriptName":"HPE - Windows - Initialize"},{"planScriptUri":"/rest/plan-scripts/2b3d3381-e3fd-4797-8b90-cfa87a363096","serialNumber":"3","parameters":null,"planScriptName":"HPE - Windows - Example - Commands in Unattend"},{"planScriptUri":"/rest/plan-scripts/82dbc2e9-f4b3-4ef4-9be9-7330af7bb44e","serialNumber":"4","parameters":null,"planScriptName":"HPE - Windows - Example - First Logon Commands"},{"planScriptUri":"/rest/plan-scripts/7ded0e67-ca6e-456d-b5d1-385a612d9bdf","serialNumber":"5","parameters":null,"planScriptName":"HPE - Windows - Example - Logon Commands"},{"planScriptUri":"/rest/plan-scripts/000a68a8-a5f9-420a-98ed-3ab38c168601","serialNumber":"6","parameters":null,"planScriptName":"HPE - Windows - Example - PowerShell"},{"planScriptUri":"/rest/plan-scripts/7fae292a-7c1f-4ec9-9182-24305841df53","serialNumber":"7","parameters":null,"planScriptName":"HPE - Windows - Example - Registry Edit"},{"planScriptUri":"/rest/plan-scripts/3cb64fa4-2d57-4f7b-9f65-f9fc0e175820","serialNumber":"8","parameters":null,"planScriptName":"HPE - Windows - Example - Registry Edit with .reg"},{"planScriptUri":"/rest/plan-scripts/1dc24936-8873-4609-87f6-a90db24a3826","serialNumber":"9","parameters":null,"planScriptName":"HPE - Windows - Hostname"},{"planScriptUri":"/rest/plan-scripts/a0aa39c5-7874-4fd9-910f-cc61fc05a302","serialNumber":"10","parameters":null,"planScriptName":"HPE - Windows - Hyper - V - Enable"},{"planScriptUri":"/rest/plan-scripts/83ae8ec9-f21d-49e0-9696-7bc8db41f45f","serialNumber":"11","parameters":null,"planScriptName":"HPE - Windows - Locale"},{"planScriptUri":"/rest/plan-scripts/1970dd3d-6350-4acf-8953-b00af2ab1578","serialNumber":"12","parameters":null,"planScriptName":"HPE - Windows - Network - Non-HA Configuration"},{"planScriptUri":"/rest/plan-scripts/a794efd3-c607-41a9-8a85-629dcaf82db2","serialNumber":"13","parameters":null,"planScriptName":"HPE - Windows - Network - Proxy"},{"planScriptUri":"/rest/plan-scripts/b29a4fb0-7be3-434a-9bb3-73205d0e69e6","serialNumber":"14","parameters":null,"planScriptName":"HPE - Windows - OEM Information"},{"planScriptUri":"/rest/plan-scripts/39407f7d-4ccc-4cb9-be57-d465c74e40e5","serialNumber":"15","parameters":null,"planScriptName":"HPE - Windows - Owner Info"},{"planScriptUri":"/rest/plan-scripts/8314bef6-a4f1-449c-b83c-51b7495b4a68","serialNumber":"16","parameters":null,"planScriptName":"HPE - Windows - Pagefile - Custom Size"},{"planScriptUri":"/rest/plan-scripts/58922e0f-e13e-40bb-822d-eedefc390768","serialNumber":"17","parameters":null,"planScriptName":"HPE - Windows - Power Plan"},{"planScriptUri":"/rest/plan-scripts/32d91313-3452-45c4-95e5-1c7c38acccad","serialNumber":"18","parameters":null,"planScriptName":"HPE - Windows - Remote Desktop"},{"planScriptUri":"/rest/plan-scripts/6de4cca0-45a8-4704-a85a-bd70cd9fe7ad","serialNumber":"19","parameters":null,"planScriptName":"HPE - Windows - Time Zone"},{"planScriptUri":"/rest/plan-scripts/ed1ff316-fa82-471c-85ea-e464b769409c","serialNumber":"20","parameters":null,"planScriptName":"HPE - Windows - User - Add - 1"},{"planScriptUri":"/rest/plan-scripts/4dfbe07d-25f6-470b-b437-d6f8bb106eab","serialNumber":"21","parameters":null,"planScriptName":"HPE - Windows - User - Add - 2"},{"planScriptUri":"/rest/plan-scripts/cd5b46c8-e66b-44bc-ab6e-6e2fb57a2d18","serialNumber":"22","parameters":null,"planScriptName":"HPE - Windows - User - Administrator"},{"planScriptUri":"/rest/plan-scripts/c6ffb504-7b29-4e1c-a7f7-2abf0d688c5c","serialNumber":"23","parameters":null,"planScriptName":"HPE - Windows - User - Auto Logon"},{"planScriptUri":"/rest/plan-scripts/f90467af-e5a0-4b11-978e-f7cb3fa483d3","serialNumber":"24","parameters":null,"planScriptName":"HPE - Windows - Unattend - Save"},{"planScriptUri":"/rest/plan-scripts/21b2c585-f2e7-4b49-95c2-341c5ae9526d","serialNumber":"25","parameters":null,"planScriptName":"HPE - Windows - Unattend - Debug"},{"planScriptUri":"/rest/plan-scripts/51c4607f-fba3-4135-8e7c-162ac5279737","serialNumber":"26","parameters":null,"planScriptName":"HPE - Windows - Unmount"}],"customAttributes":[{"name":"OrganizationName","description":"","value":"Default","constraints":"{\"regex\":\"\",\"helpText\":\"\"}","type":"string"},{"name":"ProxyServerAddress","description":"","value":"","constraints":"{\"regex\":\"\",\"helpText\":\"\"}","type":"string"},{"name":"OwnerName","description":"","value":"Default","constraints":"{\"regex\":\"\",\"helpText\":\"\"}","type":"string"},{"name":"ProxyServerSkipForAddresses","description":"","value":"localhost","constraints":"{\"regex\":\"\",\"helpText\":\"\"}","type":"string"},{"name":"User1Name","description":"","value":"User1","constraints":"{\"regex\":\"\",\"helpText\":\"\"}","type":"string"},{"name":"User1DisplayName","description":"","value":"User 1","constraints":"{\"regex\":\"\",\"helpText\":\"\"}","type":"string"},{"name":"User1Password","description":"","value":"","constraints":"{\"maxlen\":\"20\"}","type":"password"},{"name":"AutoLogonUsername","description":"","value":"Administrator","constraints":"{}","type":"string"},{"name":"User2Password","description":"","value":"","constraints":"{\"maxlen\":\"20\"}","type":"password"},{"name":"Password","description":"Administrator Password","value":"","constraints":"{\"maxlen\":\"20\"}","type":"password"},{"name":"User2DisplayName","description":"","value":"User 2","constraints":"{\"regex\":\"\",\"helpText\":\"\"}","type":"string"},{"name":"Hostname","description":"Hostname for Windows Server.  The hostname value can be defined manually or by using the tokens.  This value must conform to a valid hostname requirement defined for Microsoft Windows Server. It can be set to an asterisk (*) for Windows Server to generate a hostname.","value":"","constraints":"{\"regex\":\"\",\"helpText\":\"\"}","type":"string"},{"name":"ProxyServerPort","description":"","value":"8080","constraints":"{\"increment\":\"1\"}","type":"number"},{"name":"OEMManufacturerName","description":"","value":"Hewlett Packard Enterprise","constraints":"{}","type":"string"},{"name":"ManagementNIC","description":"","value":"","constraints":"{\"ipv4static\":true,\"ipv4dhcp\":true,\"ipv4disable\":false,\"parameters\":[\"dhcp\",\"dns1\",\"dns2\",\"gateway\",\"ipaddress\",\"mac\",\"netmask\"]}","type":"nic"},{"name":"RemoteDesktop","description":"","value":"Disallow","constraints":"{\"options\":[\"Disallow\",\"Allow (Network Level Authentication)\",\"Allow\"]}","type":"option"},{"name":"User2Name","description":"","value":"User2","constraints":"{\"regex\":\"\",\"helpText\":\"\"}","type":"string"},{"name":"DisplayLanguage","description":"","value":"English (United States)","constraints":"{\"options\":[\"English (United States)\",\"French (France)\",\"German (Germany)\",\"Japanese (Japan)\",\"Arabic (Saudi Arabia)\",\"Chinese (PRC)\",\"Korean (Korea)\",\"Portuguese (Brazil)\",\"Russian (Russia)\"]}","type":"option"},{"name":"TimeZone","description":"","value":"GMT Standard Time","constraints":"{\"options\":[\"GMT Standard Time\",\"Arabian Standard Time\",\"AUS Eastern Standard Time\",\"Central Standard Time\",\"China Standard Time\",\"Eastern Standard Time\",\"India Standard Time\",\"Mountain Standard Time\",\"Singapore Standard Time\",\"Tokyo Standard Time\"]}","type":"option"},{"name":"PagefileMinimumSizeMB","description":"","value":"1024","constraints":"{\"increment\":\"1\",\"unit\":\"MB\"}","type":"number"},{"name":"OEMModelName","description":"","value":"Synergy 480 Gen9","constraints":"{}","type":"string"},{"name":"AutoLogonPassword","description":"","value":"","constraints":"{\"maxlen\":\"20\"}","type":"password"},{"name":"KeyboardLayout","description":"","value":"English (United States)","constraints":"{\"options\":[\"English (United States)\",\"Arabic (101)\",\"Chinese (Traditional) - US Keyboard\",\"Japanese\",\"Korean\",\"United Kingdom Extended\",\"United States - Dvorak\"]}","type":"option"},{"name":"PagefileMaximumSizeMB","description":"","value":"10240","constraints":"{\"increment\":\"1\",\"unit\":\"MB\"}","type":"number"},{"name":"PowerPlan","description":"","value":"Balanced","constraints":"{\"options\":[\"Balanced\",\"High Performance\",\"Power Saver\"]}","type":"option"}],"dependentArtifacts":null}