{"type":"PlanScript","uri":null,"category":null,"eTag":null,"created":null,"modified":null,"id":"32d91313-3452-45c4-95e5-1c7c38acccad","name":"HPE - Windows - Remote Desktop","description":"Configures Remote Desktop Settings","status":null,"state":null,"planType":"deploy","content":"# (c) Copyright 2017-2018 Hewlett Packard Enterprise Development LP\n#\n# Licensed under the Apache License, Version 2.0 (the \"License\");\n# you may not use this file except in compliance with the License.\n# You may obtain a copy of the License at #http://www.apache.org/licenses/LICENSE-2.0\n#\n# Unless required by applicable law or agreed to in writing, software distributed\n# under the License is distributed on an \"AS IS\" BASIS, WITHOUT WARRANTIES OR\n# CONDITIONS OF ANY KIND, either express or implied. See the License for the\n# specific language governing permissions and limitations under the License\n\n# Default value: @RemoteDesktop:Disallow@\n\nupload -<<END_RDP_SETTINGS_SH /ISdeploy/Temp/RDPSettings.sh\n#!/bin/bash\n\nuserAuthentication=2    # Disallow\nif [ \"@RemoteDesktop@\" == \"Allow (Network Level Authentication)\" ] ; then\n    userAuthentication=1\nelif [ \"@RemoteDesktop@\" == \"Allow\" ] ; then\n    userAuthentication=0\nfi\n\ntouch FirewallEnableRDP.cmd\nif [ $userAuthentication -ne 2 ] ; then\n    echo 'netsh advfirewall firewall add rule name=\"Open Remote Desktop Port 3389\" dir=in action=allow protocol=TCP localport=3389' > FirewallEnableRDP.cmd\nfi     \n\necho \"<UserAuthentication>$userAuthentication</UserAuthentication>\" > RDPSettings.xml\nEND_RDP_SETTINGS_SH\n\ndownload  /ISdeploy/Temp/RDPSettings.sh ./RDPSettings.sh \n!source ./RDPSettings.sh\n-mkdir-p /ISdeploy/Unattend/specialize/Microsoft-Windows-TerminalServices-RDP-WinStationExtensions\nupload RDPSettings.xml /ISdeploy/Unattend/specialize/Microsoft-Windows-TerminalServices-RDP-WinStationExtensions/RDPsettings.xml\n\n<! if [ \"@RemoteDesktop@\" != \"Disallow\" ] ; then echo '-upload FirewallEnableRDP.cmd /ISdeploy/SetupComplete/FirewallEnableRDP.cmd' ; fi\n\n# Create temp XML to enable firewall for RDP\n-mkdir-p /ISdeploy/Unattend/specialize/Networking-MPSSVC-Svc\nupload -<<END_RDP_ENABLE_FIREWALL /ISdeploy/Temp/RDPSettings.xml\n    <FirewallGroups>\n        <FirewallGroup wcm:action=\"add\" wcm:keyValuen=\"RemoteDekstop\">\n            <Active>true</Active>\n            <Group>Remote Desktop</Group>\n            <Profile>all</Profile>\n        </FirewallGroup>\n    </FirewallGroups>\nEND_RDP_ENABLE_FIREWALL\n\n# Move RDPSettings.xml to Unattend only if remote desktop is enabled\n<! if [ \"@RemoteDesktop@\" != \"Disallow\" ] ; then echo 'mv /ISdeploy/Temp/RDPSettings.xml /ISdeploy/Unattend/specialize/Networking-MPSSVC-Svc/RDPSettings.xml' ; fi\n\nupload -<<END_RDP_ENABLE /ISdeploy/Temp/RDPenable.xml\n<fDenyTSConnections>false</fDenyTSConnections>\nEND_RDP_ENABLE\n\nupload -<<END_RDP_DISABLE /ISdeploy/Temp/RDPdisable.xml\n<fDenyTSConnections>true</fDenyTSConnections>\nEND_RDP_DISABLE\n\n-mkdir-p /ISdeploy/Unattend/specialize/Microsoft-Windows-TerminalServices-LocalSessionManager\n<! if [ \"@RemoteDesktop@\" != \"Disallow\" ] ; then echo 'mv /ISdeploy/Temp/RDPenable.xml /ISdeploy/Unattend/specialize/Microsoft-Windows-TerminalServices-LocalSessionManager/RDPenable.xml'  ; fi\n\n<! if [ \"@RemoteDesktop@\" = \"Disallow\" ] ; then echo 'mv /ISdeploy/Temp/RDPdisable.xml /ISdeploy/Unattend/specialize/Microsoft-Windows-TerminalServices-LocalSessionManager/RDPenable.xml'  ; fi","customAttributes":null,"hpProvided":true,"dependentArtifacts":null}