{"type":"PlanScript","uri":null,"category":null,"eTag":null,"created":null,"modified":null,"id":"3cb64fa4-2d57-4f7b-9f65-f9fc0e175820","name":"HPE - Windows - Example - Registry Edit with .reg","description":"Example of creating a .reg file and importing it with SetupComplete.cmd","status":null,"state":null,"planType":"deploy","content":"# (c) Copyright 2017-2018 Hewlett Packard Enterprise Development LP\n#\n# Licensed under the Apache License, Version 2.0 (the \"License\");\n# you may not use this file except in compliance with the License.\n# You may obtain a copy of the License at #http://www.apache.org/licenses/LICENSE-2.0\n#\n# Unless required by applicable law or agreed to in writing, software distributed\n# under the License is distributed on an \"AS IS\" BASIS, WITHOUT WARRANTIES OR\n# CONDITIONS OF ANY KIND, either express or implied. See the License for the\n# specific language governing permissions and limitations under the License\n\n-mkdir-p /ISdeploy/SetupComplete\n-mkdir-p /ISdeploy/Scripts\n\n# Create the .reg file on Windows volume\nupload -<<END_REG_FILE /ISdeploy/Files/EditRegistryExample.reg\nWindows Registry Editor Version 5.00\n\n[HKEY_CURRENT_USER\\Control Panel\\Desktop]\n\"PaintDesktopVersion\"=dword:00000001\nEND_REG_FILE\n\n# Convert .reg file to DOS-stle line endings\ndownload  /ISdeploy/Files/EditRegistryExample.reg EditRegistryExample.reg\n!unix2dos EditRegistryExample.reg\nupload EditRegistryExample.reg  /ISdeploy/Files/EditRegistryExample.reg\n\n# Import .reg file in SetupComplete.cmd\nupload -<<END_RUN_REGEDIT /ISdeploy/SetupComplete/EditRegistryExample.cmd\nRegedit /s S:\\ISdeploy\\Files\\EditRegistryExample.reg >> C:\\SETUP.LOG 2>&1\nEND_RUN_REGEDIT","customAttributes":null,"hpProvided":true,"dependentArtifacts":null}