{"type":"PlanScript","uri":null,"category":null,"eTag":null,"created":null,"modified":null,"id":"6de4cca0-45a8-4704-a85a-bd70cd9fe7ad","name":"HPE - Windows - Time Zone","description":"Sets the system's time zone. \n\nList of Time zones: https://technet.microsoft.com/en-us/library/cc749073(v=ws.10).aspx","status":null,"state":null,"planType":"deploy","content":"# (c) Copyright 2017-2018 Hewlett Packard Enterprise Development LP\n#\n# Licensed under the Apache License, Version 2.0 (the \"License\");\n# you may not use this file except in compliance with the License.\n# You may obtain a copy of the License at #http://www.apache.org/licenses/LICENSE-2.0\n#\n# Unless required by applicable law or agreed to in writing, software distributed\n# under the License is distributed on an \"AS IS\" BASIS, WITHOUT WARRANTIES OR\n# CONDITIONS OF ANY KIND, either express or implied. See the License for the\n# specific language governing permissions and limitations under the License.\n\n# Default value: @TimeZone:GMT Standard Time@\n\n# List of Time zones: https://technet.microsoft.com/en-us/library/cc749073(v=ws.10).aspx\n\n-mkdir-p /ISdeploy/Unattend/specialize/Microsoft-Windows-Shell-Setup\nupload -<<END_TIMEZONE /ISdeploy/Unattend/specialize/Microsoft-Windows-Shell-Setup/TimeZone.xml\n<TimeZone>@TimeZone@</TimeZone>\nEND_TIMEZONE","customAttributes":null,"hpProvided":true,"dependentArtifacts":null}