{"type":"PlanScript","uri":null,"category":null,"eTag":null,"created":null,"modified":null,"id":"a0aa39c5-7874-4fd9-910f-cc61fc05a302","name":"HPE - Windows - Hyper - V - Enable","description":"Enables the Hyper-V server role and reboots if required","status":null,"state":null,"planType":"deploy","content":"# (c) Copyright 2017-2018 Hewlett Packard Enterprise Development LP\n#\n# Licensed under the Apache License, Version 2.0 (the \"License\");\n# you may not use this file except in compliance with the License.\n# You may obtain a copy of the License at #http://www.apache.org/licenses/LICENSE-2.0\n#\n# Unless required by applicable law or agreed to in writing, software distributed\n# under the License is distributed on an \"AS IS\" BASIS, WITHOUT WARRANTIES OR\n# CONDITIONS OF ANY KIND, either express or implied. See the License for the\n# specific language governing permissions and limitations under the License.\n\n\n-mkdir-p /ISdeploy/Scripts\n-mkdir-p /ISdeploy/SetupComplete\n\n# Create PowerShell script on Windows volume to install Hyper-V\nupload -<<END_HYPERV_INSTALL_PS /ISdeploy/Scripts/HyperV-Install.ps1\necho \"== HyperV-Install.ps1 ==\"\n$hyperv=Get-WindowsOptionalfeature -FeatureName microsoft-hyper-v -online\nif($hyperv.state -ne \"Enabled\")\n{ \n    cmd /c dism.exe /Online /NoRestart  /Enable-Feature:Microsoft-Hyper-V /All\n    New-Item  S:\\ISdeploy\\Restart-Required -type file -force    \n}\nEND_HYPERV_INSTALL_PS\n\n# Convert line endings to DOS-style\ndownload /ISdeploy/Scripts/HyperV-Install.ps1 ./HyperV-Install.ps1\n!unix2dos ./HyperV-Install.ps1\nupload ./HyperV-Install.ps1 /ISdeploy/Scripts/HyperV-Install.ps1\n\n# Invoke Hyper-V install script in SetupComplete.cmd\nupload -<<END_INSTALL_HYPERV_CMD /ISdeploy/SetupComplete/Install-Hyper-V.cmd\npowershell.exe -file S:\\ISdeploy\\Scripts\\HyperV-Install.ps1 >> C:\\SETUP.LOG 2>&1\nEND_INSTALL_HYPERV_CMD","customAttributes":null,"hpProvided":true,"dependentArtifacts":null}