{"type":"PlanScript","uri":null,"category":null,"eTag":null,"created":null,"modified":null,"id":"a794efd3-c607-41a9-8a85-629dcaf82db2","name":"HPE - Windows - Network - Proxy","description":"Specifies the IP address or the host name of the proxy server and a list of host names or IP addresses that will bypass the proxy server for all users on the computer.","status":null,"state":null,"planType":"deploy","content":"# (c) Copyright 2017-2018 Hewlett Packard Enterprise Development LP\n#\n# Licensed under the Apache License, Version 2.0 (the \"License\");\n# you may not use this file except in compliance with the License.\n# You may obtain a copy of the License at #http://www.apache.org/licenses/LICENSE-2.0\n#\n# Unless required by applicable law or agreed to in writing, software distributed\n# under the License is distributed on an \"AS IS\" BASIS, WITHOUT WARRANTIES OR\n# CONDITIONS OF ANY KIND, either express or implied. See the License for the\n# specific language governing permissions and limitations under the License\n\n-mkdir-p /ISdeploy/Unattend/specialize/Microsoft-Windows-IE-ClientNetworkProtocolImplementation\n\nupload -<<END_IE_PROXY_SETTINGS /ISdeploy/Unattend/specialize/Microsoft-Windows-IE-ClientNetworkProtocolImplementation/IEproxysettings.xml\n<POLICYProxySettingsPerUser>0</POLICYProxySettingsPerUser>\n<HKLMProxyEnable>true</HKLMProxyEnable>\n<HKLMProxyOverride>@ProxyServerSkipForAddresses@</HKLMProxyOverride>\n<HKLMProxyServer>@ProxyServerAddress@:@ProxyServerPort@</HKLMProxyServer>\nEND_IE_PROXY_SETTINGS","customAttributes":null,"hpProvided":true,"dependentArtifacts":null}