{"type":"PlanScript","uri":null,"category":null,"eTag":null,"created":null,"modified":null,"id":"ab7c17e8-4ec7-47ae-bf66-f1b16ef67e1d","name":"HPE - Windows - Network - HA Configuration","description":"Configures IP address, gateway, subnet mask and DNS based on MAC address for a single frame configuration, with high availability using NIC teaming.","status":null,"state":null,"planType":"deploy","content":"# (c) Copyright 2017-2018 Hewlett Packard Enterprise Development LP\n#\n# Licensed under the Apache License, Version 2.0 (the \"License\");\n# you may not use this file except in compliance with the License.\n# You may obtain a copy of the License at #http://www.apache.org/licenses/LICENSE-2.0\n#\n# Unless required by applicable law or agreed to in writing, software distributed\n# under the License is distributed on an \"AS IS\" BASIS, WITHOUT WARRANTIES OR\n# CONDITIONS OF ANY KIND, either express or implied. See the License for the\n# specific language governing permissions and limitations under the License\n\n-mkdir-p /ISdeploy/SetupComplete\n-mkdir-p /ISdeploy/Scripts\n\nupload -<<END_NW_CONFIG_HA_PS /ISdeploy/Scripts/NetworkConfigHA.ps1\necho \"== NetworkConfigHA.ps1 ==\"\n$mac1=\"@ManagementNIC1.mac@\"\n$net1=get-netadapter | where MacAddress -eq $mac1.replace(\":\",\"-\") | select name\n\n$mac2=\"@ManagementNIC2.mac@\"\n$net2=get-netadapter | where MacAddress -eq $mac2.replace(\":\",\"-\") | select name\n\nNew-NetLbfoTeam -Name mgmt_nw_team -TeamMembers $net1.name,$net2.name -confirm:$false\n\nif(\"@ManagementNIC1.dhcp@\" -eq \"true\")\n{\n    netsh interface ip set address mgmt_nw_team dhcp\n}\nelse\n{\n    netsh interface ip set address mgmt_nw_team static \"@ManagementNIC1.ipaddress@\" \"@ManagementNIC1.netmask@\" \"@ManagementNIC1.gateway@\" 1 \n    netsh interface ip add dns mgmt_nw_team \"@ManagementNIC1.dns1@\"\n    netsh interface ip add dns mgmt_nw_team \"@ManagementNIC1.dns2@\" index=2\n}\n\n# Wait for few seconds for the network to get configured properly\nStart-Sleep -s 10\n\nEND_NW_CONFIG_HA_PS\n\n# Invoke NetworkConfigHA script in SetupComplete.cmd\nupload -<<END_NW_SETUP_COMPLETE /ISdeploy/SetupComplete/NetworkConfigHA.cmd\npowershell.exe -file S:\\ISdeploy\\Scripts\\NetworkConfigHA.ps1 >> C:\\SETUP.LOG 2>&1\nEND_NW_SETUP_COMPLETE","customAttributes":null,"hpProvided":true,"dependentArtifacts":null}