{"type":"OeBuildPlan","uri":null,"category":null,"eTag":null,"created":null,"modified":null,"buildPlanid":"e918cd5e-5bad-4bea-a2a0-2f6cb5168362","name":"HPE - Windows - Example - Single Unattend","description":"Personalize Windows 2016/2019 image using a single Unattend.xml .","status":null,"hpProvided":true,"oeBuildPlanType":"deploy","buildStep":[{"planScriptUri":"/rest/plan-scripts/2fb7cb6a-d8a2-4573-aa31-86ab96a9d69f","serialNumber":"1","parameters":null,"planScriptName":"HPE - Windows - Mount"},{"planScriptUri":"/rest/plan-scripts/827a53d7-6a18-4e64-a459-f6704aee6f8c","serialNumber":"2","parameters":null,"planScriptName":"HPE - Windows - Example - Single Unattend"},{"planScriptUri":"/rest/plan-scripts/51c4607f-fba3-4135-8e7c-162ac5279737","serialNumber":"3","parameters":null,"planScriptName":"HPE - Windows - Unmount"}],"customAttributes":[{"name":"UserName","description":"","value":"","constraints":"{}","type":"string"},{"name":"UserPassword","description":"","value":"","constraints":"{\"maxlen\":\"20\"}","type":"password"},{"name":"UserDisplayName","description":"","value":"","constraints":"{}","type":"string"}],"dependentArtifacts":null}