{"type":"PlanScript","uri":null,"category":null,"eTag":null,"created":null,"modified":null,"id":"eda29ed6-0eee-4c67-b66f-19f6d66a4fdd","name":"HPE - Windows - Pagefile - Disable","description":"Disables the pagefile for the windows","status":null,"state":null,"planType":"deploy","content":"# (c) Copyright 2017-2018 Hewlett Packard Enterprise Development LP\n#\n# Licensed under the Apache License, Version 2.0 (the \"License\");\n# you may not use this file except in compliance with the License.\n# You may obtain a copy of the License at #http://www.apache.org/licenses/LICENSE-2.0\n#\n# Unless required by applicable law or agreed to in writing, software distributed\n# under the License is distributed on an \"AS IS\" BASIS, WITHOUT WARRANTIES OR\n# CONDITIONS OF ANY KIND, either express or implied. See the License for the\n# specific language governing permissions and limitations under the License.\n\n# Disable Pagefile \n\n-mkdir-p /ISdeploy/SetupComplete\n\n# Run command to disable pagefile in SetupComplete.cmd\nupload -<<END_PAGEFILE_DISABLE_CMD /ISdeploy/SetupComplete/DisablePagefile.cmd\necho \"== DisablePagefile.cmd ==\" >> C:\\SETUP.LOG\nwmic computersystem set AutomaticManagedPagefile=False >> C:\\SETUP.LOG 2>&1\nwmic pagefileset delete >> C:\\SETUP.LOG 2>&1\npowershell -command \"New-Item  S:\\ISdeploy\\Restart-Required -type file -force\" >> C:\\SETUP.LOG 2>&1\nEND_PAGEFILE_DISABLE_CMD","customAttributes":null,"hpProvided":true,"dependentArtifacts":null}