{"type":"PlanScript","uri":null,"category":null,"eTag":null,"created":null,"modified":null,"id":"f90467af-e5a0-4b11-978e-f7cb3fa483d3","name":"HPE - Windows - Unattend - Save","description":"Creates Unattend.xml from the parts created by other plan scripts and copies it to the OS volume. This step must be added just above the unmount step. This step must not be added if Single-Unattend script is used.","status":null,"state":null,"planType":"deploy","content":"# (c) Copyright 2017-2018 Hewlett Packard Enterprise Development LP\n#\n# Licensed under the Apache License, Version 2.0 (the \"License\");\n# you may not use this file except in compliance with the License.\n# You may obtain a copy of the License at #http://www.apache.org/licenses/LICENSE-2.0\n#\n# Unless required by applicable law or agreed to in writing, software distributed\n# under the License is distributed on an \"AS IS\" BASIS, WITHOUT WARRANTIES OR\n# CONDITIONS OF ANY KIND, either express or implied. See the License for the\n# specific language governing permissions and limitations under the License.\n\n-mkdir-p /ISdeploy/Temp\nupload -<<END_CREATE_UNATTEND /ISdeploy/Temp/CreateUnattend.sh\n#!/bin/bash\n\nUNATTEND_DIR=./Unattend\nUNATTEND_XML=./Unattend.xml\n\nfunction add_pass {\n    local pass=$1       # specialize, oobSystem, generalize, etc\n\n    if [ -d \"${UNATTEND_DIR}/${pass}\" ] ; then\n        echo \"Adding pass: $pass\"\n        # Start\n        echo \"<settings pass=\\\"${pass}\\\">\" >> \"${UNATTEND_XML}\"\n\n        add_components \"${pass}\"\n\n        # End\n        echo '</settings>' >> \"${UNATTEND_XML}\"\n    fi\n}\n\nfunction add_components {\n    local pass=$1   # specialize, oobSystem, generalize, etc\n\n    echo \"Adding components for pass: $pass\"\n    # Get the list of all directories inside UNATTEND_DIR/<pass_dir>\n    # The directory names are component names\n\n    local component\n    for component in `ls -1 \"${UNATTEND_DIR}/${pass}\"` ; do\n        local component_path=\"${UNATTEND_DIR}/${pass}/${component}\"\n        if [ ! -d \"${component_path}\" ] ; then\n            # Ignore files that are not directories\n            continue;\n        fi\n\n        # If a <component>.xml file exists, add it's contents as the start of component XML\n        # Otherwise, generate a default component start XML\n        if [ -f \"${component_path}.xml\" ] ; then\n            cat \"${component_path}.xml\" >> \"${UNATTEND_XML}\"\n        else\n            echo \"<component name=\\\"${component}\\\" \\\nprocessorArchitecture=\\\"amd64\\\" \\\npublicKeyToken=\\\"31bf3856ad364e35\\\" \\\nlanguage=\\\"neutral\\\" \\\nversionScope=\\\"nonSxS\\\" \\\nxmlns:wcm=\\\"http://schemas.microsoft.com/WMIConfig/2002/State\\\" \\\nxmlns:xsi=\\\"http://www.w3.org/2001/XMLSchema-instance\\\">\" >> \"${UNATTEND_XML}\"\n        fi\n\n        add_elements \"${pass}\" \"${component}\"\n\n        echo \"</component>\" >> \"${UNATTEND_XML}\"\n    done\n}\n\nfunction add_elements {\n    local pass=$1\n    local component=$2\n    local nested_element=$3\n\n    echo \"Adding elements for $pass $component $nested_element\"\n    local element=\"\"\n    for element in `ls -1 \"${UNATTEND_DIR}/${pass}/${component}/${nested_element}\"` ; do\n        echo \"Attribute: ${element}\"\n        if [ -d \"${UNATTEND_DIR}/${pass}/${component}/${nested_element}/${element}\" ] ; then\n            echo \"<${element}>\" >> \"${UNATTEND_XML}\"\n            add_elements  \"${pass}\" \"${component}\" \"${nested_element}/${element}\"\n            echo \"</${element}>\" >> \"${UNATTEND_XML}\"\n        else\n            ls -l \"${UNATTEND_DIR}/${pass}/${component}/${nested_element}/${element}\"\n            cat \"${UNATTEND_DIR}/${pass}/${component}/${nested_element}/${element}\" >> \"${UNATTEND_XML}\"\n        fi\n    done\n}\n\nfunction create_unattend {\n\n    # Write start of unattend.xml\n\n    cat > \"${UNATTEND_XML}\" <<UNATTEND_END_12345\n<?xml version=\"1.0\" encoding=\"utf-8\"?>\n<unattend xmlns=\"urn:schemas-microsoft-com:unattend\"\n        xmlns:wcm=\"http://schemas.microsoft.com/WMIConfig/2002/State\"\n        xmlns:xsi=\"http://www.w3.org/2001/XMLSchema-instance\">\nUNATTEND_END_12345\n\n    add_pass \"specialize\"\n    add_pass \"oobeSystem\"\n\n    # Following may not be required, but add if they exist\n    add_pass \"generalize\"\n    add_pass \"auditSystem\"\n    add_pass \"auditUser\"\n\n    echo \"</unattend>\" >> \"${UNATTEND_XML}\"\n}\n\ncreate_unattend\n\n/usr/bin/unix2dos \"${UNATTEND_XML}\"\n\n# Beautify XML\n/usr/bin/xmllint -format \"${UNATTEND_XML}\" > \"${UNATTEND_XML}.format\"\nif [ $? -eq 0 ] ; then\n    /bin/mv \"${UNATTEND_XML}.format\" \"${UNATTEND_XML}\"\nelse\n    rm -f \"${UNATTEND_XML}.format\"\nfi\n\nexit 0\nEND_CREATE_UNATTEND\n\ndownload /ISdeploy/Temp/CreateUnattend.sh CreateUnattend.sh\ncopy-out /ISdeploy/Unattend .\n!source ./CreateUnattend.sh\n\n\nupload -<<END_PYTHON_REORDER_UNATTEND /ISdeploy/Temp/ReorderUnattend.py\n#/usr/bin/python3.5\nimport xml.etree.ElementTree as ET\n\nnamespace = \"{urn:schemas-microsoft-com:unattend}\"\n\nET.register_namespace('', 'urn:schemas-microsoft-com:unattend')\nET.register_namespace('wcm', 'http://schemas.microsoft.com/WMIConfig/2002/State')\nET.register_namespace('xsi', 'http://www.w3.org/2001/XMLSchema-instance')\n\nns = {'':'{urn:schemas-microsoft-com:unattend}',\n      'wcm': 'http://schemas.microsoft.com/WMIConfig/2002/State',\n      'xsi': 'http://www.w3.org/2001/XMLSchema-instance'}\n#http://schemas.microsoft.com/WMIConfig/2002/State' } \n#'http://www.w3.org/2001/XMLSchema-instance'} \n#'http://schemas.microsoft.com/WMIConfig/2002/State' }\ntree = ET.parse('Unattend.xml')\nroot = tree.getroot()\n\n#for node in tree.findall('{urn:schemas-microsoft-com:unattend}RunSynchronousCommand'):\n#    print node.tag, node.attrib\n#print(dir(tree.))\n\n# listTag: Tag which contains elements that have Order tag\n# tag: Elements that have Order tag \ndef reorder(listTag, tag):    \n    # Find listTag (RunSynchronous, RunAsynchronous, etc)\n    for run in root.findall(\"*//\" + namespace + listTag, ns):        \n        print (\"listTag: \", run.tag, len(run))\n        \n        # Example\n        # Items:         1 1 1 3 6 2 2 4\n        # Correct order: 1 2 3 6 8 4 5 7\n        # Number of occurences of an Order number (order counts)  \n        #   1: 3 occurences (2 duplicates)\n        #   2: 2\n        #   3: 1 \n        #   4: 1\n        #   5: 0\n        #   6: 1\n        # \n        # currentOrderCounts: Count of an order encountered so far. In 7th pass, for Order 2, it would be 2  \n        # \n        # New starting order for a particular Order = Count of orders of all lower orders\n        #   In above example, 2 will have new starting order of 4, 3 will have new starting order of 6\n\n        orderCounts = dict()\n        # Find tags containing Order child     \n        for cmd in run.findall(\"./\" + namespace + tag) :            \n            print (\"- tag\", cmd.tag)\n            \n            order = cmd.find(\"./\" + namespace + \"Order\").text # TODO: Check if ORder exists\n            print (\"- order\", order)\n            #if (order in list(orderCounts.keys())) :\n            try: \n                order = int(order)\n            except: \n                order = order\n                \n            try: \n                orderCounts[order] += 1\n                #orderCounts[int(order)] += 1\n            except :    \n            #else :\n                orderCounts[order] = 1\n                #orderCounts[int(order)] = 1\n        \n        print ()\n        print ('* orderCounts', orderCounts)\n\n        # key = order, value = new starting Order for that key  \n        newStartingOrder = dict()\n        total = 0\n        for i in sorted(orderCounts.keys()) :\n            newStartingOrder[i] = total + orderCounts[i]\n            total += orderCounts[i]\n            #newStartingOrder[int(i)] = total + orderCounts[i]\n            #total += orderCounts[int(i)]\n\n        print ('* newStartingOrder', newStartingOrder)\n        print ('==============')\n\n        currentOrderCounts = dict() \n        for cmd in run.findall(\"./\" + namespace + tag) :\n            orderElement = cmd.find(\"./\" + namespace + \"Order\"); \n            order = orderElement.text # TODO: Check if Order exists\n            #order = int(orderElement.text) # TODO: Check if Order exists\n\n            try: \n                order = int(order)\n            except: \n                order = order\n\n            if (order not in currentOrderCounts) :\n                currentOrderCounts[order] = 1\n            else :\n                currentOrderCounts[order] += 1\n\n            print('currentOrderCounts', currentOrderCounts)\n            \n            # Set new order\n            #maxOrderLessThanCurrent = ( k for k in newStartingOrder if k <= order )\n            #print('mx', maxOrderLessThanCurrent)\n            #if maxOrderLessThanCurrent == None : \n            #    prevOrderTotalCount = 0\n            #else :\n            #    prevOrderTotalCount = max(maxOrderLessThanCurrent)\n\n            # prevOrderTotalCountKey: Highest order lower than current order\n            # prevOrderTotalCount: Count of all orders lower than current order  \n            prevOrderTotalCountKey = -1\n            try:\n                prevOrderTotalCountKey = max( k for k in newStartingOrder if k < order )\n            except ValueError:\n                abcd = 1#\n            \n            print('prevOrderTotalCountKey', prevOrderTotalCountKey)\n            try: \n                prevOrderTotalCount = newStartingOrder[prevOrderTotalCountKey]\n            except:\n                prevOrderTotalCount = 0 \n            orderElement.text =  str(prevOrderTotalCount + int(currentOrderCounts[order]))\n            print('prevOrderTotalCount', prevOrderTotalCount)\n            print('ord', order)\n            print('currentOrderCounts[]', currentOrderCounts[order])\n            print('= ordernew', orderElement.text)  \n        \n\nreorder(\"RunSynchronous\", \"RunSynchronousCommand\")\nreorder(\"RunAsynchronous\", \"RunAsynchronousCommand\")\nreorder(\"FirstLogonCommands\", \"SynchronousCommand\")\nreorder(\"LogonCommands\", \"AsynchronousCommand\")\n\ntree.write('Unattend.xml')\n\nEND_PYTHON_REORDER_UNATTEND\n\ndownload /ISdeploy/Temp/ReorderUnattend.py ReorderUnattend.py\n!python3.5 ./ReorderUnattend.py\n\n\nupload ./Unattend.xml /ISdeploy/Unattend.xml\n\necho \"-------- Unattend.xml ----------\"\necho \"Unattend.xml not logged to prevent logging of passwords. \"\necho \"Add Unattend - Debug script after this script in build plan to log and validate XML.\"","customAttributes":null,"hpProvided":true,"dependentArtifacts":null}