{"type":"PlanScript","uri":null,"category":null,"eTag":null,"created":null,"modified":null,"id":"034bd98a-e53b-45a1-bc5e-bd46913ca118","name":"HPE - Windows - User - Add - 2","description":"Adds another admin user account","status":null,"state":null,"planType":"deploy","content":"# (c) Copyright 2017-2018 Hewlett Packard Enterprise Development LP\n#\n# Licensed under the Apache License, Version 2.0 (the \"License\");\n# you may not use this file except in compliance with the License.\n# You may obtain a copy of the License at #http://www.apache.org/licenses/LICENSE-2.0\n#\n# Unless required by applicable law or agreed to in writing, software distributed\n# under the License is distributed on an \"AS IS\" BASIS, WITHOUT WARRANTIES OR\n# CONDITIONS OF ANY KIND, either express or implied. See the License for the\n# specific language governing permissions and limitations under the License.\n\n-mkdir-p /ISdeploy/Unattend/oobeSystem/Microsoft-Windows-Shell-Setup/UserAccounts/LocalAccounts\n\nupload -<<END_USER_2 /ISdeploy/Unattend/oobeSystem/Microsoft-Windows-Shell-Setup/UserAccounts/LocalAccounts/User2.xml\n<LocalAccount wcm:action=\"add\">\n   <Password>\n    <Value>@User2Password@</Value>\n    <PlainText>true</PlainText>\n  </Password>\n<Description>Test account</Description>\n<DisplayName>@User2DisplayName@</DisplayName>\n<Group>Administrators;Power Users</Group>\n<Name>@User2Name@</Name>\n</LocalAccount>\nEND_USER_2","customAttributes":null,"hpProvided":true,"dependentArtifacts":null}