{"type":"OeBuildPlan","uri":null,"category":null,"eTag":null,"created":null,"modified":null,"buildPlanid":"1747e125-9d54-4faf-b0c6-10bcc135a7ec","name":"HPE - Windows - Example - Deploy","description":"Personalize Windows 2016 image. This  build plan includes all example scripts with their custom attribute settings configured properly.","status":null,"hpProvided":true,"oeBuildPlanType":"deploy","buildStep":[{"planScriptUri":"/rest/plan-scripts/b4f20fb6-0a3f-4c0e-9fc7-ae261d123f08","serialNumber":"1","parameters":null,"planScriptName":"HPE - Windows - Mount"},{"planScriptUri":"/rest/plan-scripts/b904a530-f266-40bf-91b8-3c83f3de7f62","serialNumber":"2","parameters":null,"planScriptName":"HPE - Windows - Initialize"},{"planScriptUri":"/rest/plan-scripts/7618cec3-3152-4578-b299-92a26411be35","serialNumber":"3","parameters":null,"planScriptName":"HPE - Windows - Example - Commands in Unattend"},{"planScriptUri":"/rest/plan-scripts/5c52913c-587d-453c-997e-79b511a66d59","serialNumber":"4","parameters":null,"planScriptName":"HPE - Windows - Example - First Logon Commands"},{"planScriptUri":"/rest/plan-scripts/c7e393bb-404c-4052-9ff7-b5b5b00d121f","serialNumber":"5","parameters":null,"planScriptName":"HPE - Windows - Example - Logon Commands"},{"planScriptUri":"/rest/plan-scripts/769cc47d-ade8-47fd-86e2-d7cf1c36d8b0","serialNumber":"6","parameters":null,"planScriptName":"HPE - Windows - Example - PowerShell"},{"planScriptUri":"/rest/plan-scripts/8d53dc2b-101e-4553-ae4a-01f60fd6d187","serialNumber":"7","parameters":null,"planScriptName":"HPE - Windows - Example - Registry Edit"},{"planScriptUri":"/rest/plan-scripts/b5e19a87-cc55-442c-949e-a91e50fa858d","serialNumber":"8","parameters":null,"planScriptName":"HPE - Windows - Example - Registry Edit with .reg"},{"planScriptUri":"/rest/plan-scripts/4115c75b-9a0d-43fb-b7e3-9fda70e77d15","serialNumber":"9","parameters":null,"planScriptName":"HPE - Windows - Hostname"},{"planScriptUri":"/rest/plan-scripts/06110f89-bf25-4e5a-b23c-48bee54f6aea","serialNumber":"10","parameters":null,"planScriptName":"HPE - Windows - Hyper - V - Enable"},{"planScriptUri":"/rest/plan-scripts/a6a5c807-01b0-47db-9756-86dbd9c354fb","serialNumber":"11","parameters":null,"planScriptName":"HPE - Windows - Locale"},{"planScriptUri":"/rest/plan-scripts/15675e01-b44a-4376-83a9-47dd67461535","serialNumber":"12","parameters":null,"planScriptName":"HPE - Windows - Network - Non-HA Configuration"},{"planScriptUri":"/rest/plan-scripts/7fa00f1c-4a14-4e40-95a2-1a2769ae49f7","serialNumber":"13","parameters":null,"planScriptName":"HPE - Windows - Network - Proxy"},{"planScriptUri":"/rest/plan-scripts/b7f62589-dacb-448a-9a60-dc1ab31375e3","serialNumber":"14","parameters":null,"planScriptName":"HPE - Windows - OEM Information"},{"planScriptUri":"/rest/plan-scripts/4aed39c4-e2f1-425b-970d-23fdfa0672ac","serialNumber":"15","parameters":null,"planScriptName":"HPE - Windows - Owner Info"},{"planScriptUri":"/rest/plan-scripts/bc0f1a88-42d1-41a5-b205-92f8edb16ac7","serialNumber":"16","parameters":null,"planScriptName":"HPE - Windows - Pagefile - Custom Size"},{"planScriptUri":"/rest/plan-scripts/911be017-383b-417b-bcaf-488db527943f","serialNumber":"17","parameters":null,"planScriptName":"HPE - Windows - Power Plan"},{"planScriptUri":"/rest/plan-scripts/174cc83f-aa42-4c40-85df-af66f10017ef","serialNumber":"18","parameters":null,"planScriptName":"HPE - Windows - Remote Desktop"},{"planScriptUri":"/rest/plan-scripts/d2333298-743b-4ce9-919c-8a0e006f3d4d","serialNumber":"19","parameters":null,"planScriptName":"HPE - Windows - Time Zone"},{"planScriptUri":"/rest/plan-scripts/4974c308-566d-4984-9bba-10d45bcbad47","serialNumber":"20","parameters":null,"planScriptName":"HPE - Windows - User - Add - 1"},{"planScriptUri":"/rest/plan-scripts/034bd98a-e53b-45a1-bc5e-bd46913ca118","serialNumber":"21","parameters":null,"planScriptName":"HPE - Windows - User - Add - 2"},{"planScriptUri":"/rest/plan-scripts/1fa4fe0d-b3e5-4761-aa72-00e7e51bab67","serialNumber":"22","parameters":null,"planScriptName":"HPE - Windows - User - Administrator"},{"planScriptUri":"/rest/plan-scripts/faf5574a-d576-4590-8539-1e9b9bfdbca6","serialNumber":"23","parameters":null,"planScriptName":"HPE - Windows - User - Auto Logon"},{"planScriptUri":"/rest/plan-scripts/75483bea-9e3e-4240-a199-c10e0e82303c","serialNumber":"24","parameters":null,"planScriptName":"HPE - Windows - Unattend - Save"},{"planScriptUri":"/rest/plan-scripts/5f5a4d03-bbc5-4694-8c15-f0a37fd1aa29","serialNumber":"25","parameters":null,"planScriptName":"HPE - Windows - Unattend - Debug"},{"planScriptUri":"/rest/plan-scripts/ead64478-ac91-4d27-b1f4-a9ed1ac72c67","serialNumber":"26","parameters":null,"planScriptName":"HPE - Windows - Unmount"}],"customAttributes":[{"name":"OrganizationName","description":"","value":"Default","constraints":"{\"regex\":\"\",\"helpText\":\"\"}","type":"string"},{"name":"ProxyServerAddress","description":"","value":"","constraints":"{\"regex\":\"\",\"helpText\":\"\"}","type":"string"},{"name":"OwnerName","description":"","value":"Default","constraints":"{\"regex\":\"\",\"helpText\":\"\"}","type":"string"},{"name":"ProxyServerSkipForAddresses","description":"","value":"localhost","constraints":"{\"regex\":\"\",\"helpText\":\"\"}","type":"string"},{"name":"User1Name","description":"","value":"User1","constraints":"{\"regex\":\"\",\"helpText\":\"\"}","type":"string"},{"name":"User1DisplayName","description":"","value":"User 1","constraints":"{\"regex\":\"\",\"helpText\":\"\"}","type":"string"},{"name":"User1Password","description":"","value":"","constraints":"{\"maxlen\":\"20\"}","type":"password"},{"name":"AutoLogonUsername","description":"","value":"Administrator","constraints":"{}","type":"string"},{"name":"User2Password","description":"","value":"","constraints":"{\"maxlen\":\"20\"}","type":"password"},{"name":"Password","description":"Administrator Password","value":"","constraints":"{\"maxlen\":\"20\"}","type":"password"},{"name":"User2DisplayName","description":"","value":"User 2","constraints":"{\"regex\":\"\",\"helpText\":\"\"}","type":"string"},{"name":"Hostname","description":"Hostname for Windows Server.  The hostname value can be defined manually or by using the tokens.  This value must conform to a valid hostname requirement defined for Microsoft Windows Server. It can be set to an asterisk (*) for Windows Server to generate a hostname.","value":"","constraints":"{\"regex\":\"\",\"helpText\":\"\"}","type":"string"},{"name":"ProxyServerPort","description":"","value":"8080","constraints":"{\"increment\":\"1\"}","type":"number"},{"name":"OEMManufacturerName","description":"","value":"Hewlett Packard Enterprise","constraints":"{}","type":"string"},{"name":"ManagementNIC","description":"","value":"","constraints":"{\"ipv4static\":true,\"ipv4dhcp\":true,\"ipv4disable\":false,\"parameters\":[\"dhcp\",\"dns1\",\"dns2\",\"gateway\",\"ipaddress\",\"mac\",\"netmask\"]}","type":"nic"},{"name":"RemoteDesktop","description":"","value":"Disallow","constraints":"{\"options\":[\"Disallow\",\"Allow (Network Level Authentication)\",\"Allow\"]}","type":"option"},{"name":"User2Name","description":"","value":"User2","constraints":"{\"regex\":\"\",\"helpText\":\"\"}","type":"string"},{"name":"DisplayLanguage","description":"","value":"English (United States)","constraints":"{\"options\":[\"English (United States)\",\"French (France)\",\"German (Germany)\",\"Japanese (Japan)\",\"Arabic (Saudi Arabia)\",\"Chinese (PRC)\",\"Korean (Korea)\",\"Portuguese (Brazil)\",\"Russian (Russia)\"]}","type":"option"},{"name":"TimeZone","description":"","value":"GMT Standard Time","constraints":"{\"options\":[\"GMT Standard Time\",\"Arabian Standard Time\",\"AUS Eastern Standard Time\",\"Central Standard Time\",\"China Standard Time\",\"Eastern Standard Time\",\"India Standard Time\",\"Mountain Standard Time\",\"Singapore Standard Time\",\"Tokyo Standard Time\"]}","type":"option"},{"name":"PagefileMinimumSizeMB","description":"","value":"1024","constraints":"{\"increment\":\"1\",\"unit\":\"MB\"}","type":"number"},{"name":"OEMModelName","description":"","value":"Synergy 480 Gen9","constraints":"{}","type":"string"},{"name":"AutoLogonPassword","description":"","value":"","constraints":"{\"maxlen\":\"20\"}","type":"password"},{"name":"KeyboardLayout","description":"","value":"English (United States)","constraints":"{\"options\":[\"English (United States)\",\"Arabic (101)\",\"Chinese (Traditional) - US Keyboard\",\"Japanese\",\"Korean\",\"United Kingdom Extended\",\"United States - Dvorak\"]}","type":"option"},{"name":"PagefileMaximumSizeMB","description":"","value":"10240","constraints":"{\"increment\":\"1\",\"unit\":\"MB\"}","type":"number"},{"name":"PowerPlan","description":"","value":"Balanced","constraints":"{\"options\":[\"Balanced\",\"High Performance\",\"Power Saver\"]}","type":"option"}],"dependentArtifacts":null}