{"type":"OeBuildPlan","uri":null,"category":null,"eTag":null,"created":null,"modified":null,"buildPlanid":"1e18699d-b566-4c78-8efb-49147f0522d8","name":"HPE - Windows - Example - Single Unattend","description":"Personalize Windows 2016 image using a single Unattend.xml .","status":null,"hpProvided":true,"oeBuildPlanType":"deploy","buildStep":[{"planScriptUri":"/rest/plan-scripts/b4f20fb6-0a3f-4c0e-9fc7-ae261d123f08","serialNumber":"1","parameters":null,"planScriptName":"HPE - Windows - Mount"},{"planScriptUri":"/rest/plan-scripts/2d0d252e-544e-4da0-bc7f-b14978103626","serialNumber":"2","parameters":null,"planScriptName":"HPE - Windows - Example - Single Unattend"},{"planScriptUri":"/rest/plan-scripts/ead64478-ac91-4d27-b1f4-a9ed1ac72c67","serialNumber":"3","parameters":null,"planScriptName":"HPE - Windows - Unmount"}],"customAttributes":[{"name":"UserName","description":"","value":"","constraints":"{}","type":"string"},{"name":"UserPassword","description":"","value":"","constraints":"{\"maxlen\":\"20\"}","type":"password"},{"name":"UserDisplayName","description":"","value":"","constraints":"{}","type":"string"}],"dependentArtifacts":null}