{"type":"PlanScript","uri":null,"category":null,"eTag":null,"created":null,"modified":null,"id":"2d0d252e-544e-4da0-bc7f-b14978103626","name":"HPE - Windows - Example - Single Unattend","description":"Example of a script where entire Unattend.xml is created in single plan script. Can be used for testing with your own Unattend.xml","status":null,"state":null,"planType":"deploy","content":"# (c) Copyright 2017-2018 Hewlett Packard Enterprise Development LP\n#\n# Licensed under the Apache License, Version 2.0 (the \"License\");\n# you may not use this file except in compliance with the License.\n# You may obtain a copy of the License at #http://www.apache.org/licenses/LICENSE-2.0\n#\n# Unless required by applicable law or agreed to in writing, software distributed\n# under the License is distributed on an \"AS IS\" BASIS, WITHOUT WARRANTIES OR\n# CONDITIONS OF ANY KIND, either express or implied. See the License for the\n# specific language governing permissions and limitations under the License.\n\n-mkdir /ISdeploy/\n\nupload -<<END_UNATTEND_XML /ISdeploy/Unattend.xml\n<?xml version=\"1.0\" encoding=\"utf-8\"?>\n<unattend xmlns=\"urn:schemas-microsoft-com:unattend\"\n        xmlns:wcm=\"http://schemas.microsoft.com/WMIConfig/2002/State\"\n        xmlns:xsi=\"http://www.w3.org/2001/XMLSchema-instance\">\n    <settings pass=\"generalize\">\n        <component name=\"Microsoft-Windows-PnpSysprep\"\n                processorArchitecture=\"amd64\"\n                publicKeyToken=\"31bf3856ad364e35\"\n                language=\"neutral\" versionScope=\"nonSxS\">\n            <PersistAllDeviceInstalls>true</PersistAllDeviceInstalls>\n        </component>\n    </settings>\n\t<settings pass=\"specialize\">\n        <component name=\"Microsoft-Windows-Shell-Setup\"\n                processorArchitecture=\"amd64\"\n                publicKeyToken=\"31bf3856ad364e35\"\n                language=\"neutral\" versionScope=\"nonSxS\" xmlns:wcm=\"http://schemas.microsoft.com/WMIConfig/2002/State\" \n\t\t\t\txmlns:xsi=\"http://www.w3.org/2001/XMLSchema-instance\">\n\t\t\t<RegisteredOwner>HPE User</RegisteredOwner>\n           <RegisteredOrganization>HPE</RegisteredOrganization>\n           <TimeZone>Indian Standard Time</TimeZone>\n           <Computername>*</Computername>\n\t\t</component>\n    </settings>\t\t\n    <settings pass=\"oobeSystem\">\n        <component name=\"Microsoft-Windows-Shell-Setup\"\n                processorArchitecture=\"amd64\"\n                publicKeyToken=\"31bf3856ad364e35\"\n                language=\"neutral\" versionScope=\"nonSxS\" xmlns:wcm=\"http://schemas.microsoft.com/WMIConfig/2002/State\" \n\t\t\t\txmlns:xsi=\"http://www.w3.org/2001/XMLSchema-instance\">            \n            <OOBE>\n                <HideEULAPage>true</HideEULAPage>\n                <NetworkLocation>Other</NetworkLocation>\n                <ProtectYourPC>2</ProtectYourPC>\n                <SkipUserOOBE>true</SkipUserOOBE>\n            </OOBE>\n\t\t\t<AutoLogon>\n\t\t\t   <Password>\n\t\t\t\t  <Value>Deployment123</Value>\n\t\t\t   </Password>\n\t\t\t   <Enabled>true</Enabled>\n\t\t\t   <LogonCount>2</LogonCount>\n\t\t\t   <Username>Administrator</Username>\n\t\t\t</AutoLogon>\n\t\t\t<UserAccounts>\n\t\t\t\t<AdministratorPassword>\n\t\t\t\t\t<Value>Deployment123</Value>\n\t\t\t\t\t<PlainText>true</PlainText>\n\t\t\t\t</AdministratorPassword>\n\t\t\t\t<LocalAccounts>\n\t\t\t\t\t<LocalAccount wcm:action=\"add\">\n\t\t\t\t\t\t <Password>\n\t\t\t\t\t\t\t<Value>@UserPassword@</Value>\n\t\t\t\t\t\t\t<PlainText>true</PlainText>\n\t\t\t\t\t\t </Password>\n\t\t\t\t\t\t <Description>Test account</Description>\n\t\t\t\t\t\t <DisplayName>@UserDisplayName@</DisplayName>\n\t\t\t\t\t\t <Group>Administrators;Power Users</Group>\n\t\t\t\t\t\t <Name>@UserName@</Name>\n\t\t\t\t\t</LocalAccount>\n\t\t\t\t</LocalAccounts>\n\t\t\t</UserAccounts>\n        </component>\n        <component name=\"Microsoft-Windows-International-Core\"\n                processorArchitecture=\"amd64\"\n                publicKeyToken=\"31bf3856ad364e35\"\n                language=\"neutral\" versionScope=\"nonSxS\">\n            <InputLocale>en-US</InputLocale>\n            <SystemLocale>en-US</SystemLocale>\n            <UILanguage>en-US</UILanguage>\n            <UserLocale>en-US</UserLocale>\n        </component>\n    </settings>\n</unattend>\nEND_UNATTEND_XML\n\ndownload /ISdeploy/Unattend.xml /tmp/Unattend.xml\n!/usr/bin/unix2dos /tmp/Unattend.xml\nupload /tmp/Unattend.xml /ISdeploy/Unattend.xml\n\necho \"-------- new Unattend.xml ----------\"\ncat /ISdeploy/Unattend.xml","customAttributes":null,"hpProvided":true,"dependentArtifacts":null}