{"type":"PlanScript","uri":null,"category":null,"eTag":null,"created":null,"modified":null,"id":"4115c75b-9a0d-43fb-b7e3-9fda70e77d15","name":"HPE - Windows - Hostname","description":"Sets the Hostname","status":null,"state":null,"planType":"deploy","content":"# (c) Copyright 2017-2018 Hewlett Packard Enterprise Development LP\n#\n# Licensed under the Apache License, Version 2.0 (the \"License\");\n# you may not use this file except in compliance with the License.\n# You may obtain a copy of the License at #http://www.apache.org/licenses/LICENSE-2.0\n#\n# Unless required by applicable law or agreed to in writing, software distributed\n# under the License is distributed on an \"AS IS\" BASIS, WITHOUT WARRANTIES OR\n# CONDITIONS OF ANY KIND, either express or implied. See the License for the\n# specific language governing permissions and limitations under the License\n\n-mkdir-p /ISdeploy/Unattend/specialize/Microsoft-Windows-Shell-Setup\nupload -<<END_COMPUTER_NAME /ISdeploy/Unattend/specialize/Microsoft-Windows-Shell-Setup/ComputerName.xml\n<ComputerName>@Hostname@</ComputerName>\nEND_COMPUTER_NAME","customAttributes":null,"hpProvided":true,"dependentArtifacts":null}