{"type":"OeBuildPlan","uri":null,"category":null,"eTag":null,"created":null,"modified":null,"buildPlanid":"4a35947d-e13d-4a88-ad2c-6f2521724a9e","name":"HPE - Windows - Deploy - Non HA","description":"Personalize Windows 2016 image with single management NIC for single frame configuration.","status":null,"hpProvided":true,"oeBuildPlanType":"deploy","buildStep":[{"planScriptUri":"/rest/plan-scripts/b4f20fb6-0a3f-4c0e-9fc7-ae261d123f08","serialNumber":"1","parameters":null,"planScriptName":"HPE - Windows - Mount"},{"planScriptUri":"/rest/plan-scripts/b904a530-f266-40bf-91b8-3c83f3de7f62","serialNumber":"2","parameters":null,"planScriptName":"HPE - Windows - Initialize"},{"planScriptUri":"/rest/plan-scripts/06110f89-bf25-4e5a-b23c-48bee54f6aea","serialNumber":"3","parameters":null,"planScriptName":"HPE - Windows - Hyper - V - Enable"},{"planScriptUri":"/rest/plan-scripts/a6a5c807-01b0-47db-9756-86dbd9c354fb","serialNumber":"4","parameters":null,"planScriptName":"HPE - Windows - Locale"},{"planScriptUri":"/rest/plan-scripts/27c37aa2-e92f-4aa1-8c64-7892c18d0870","serialNumber":"5","parameters":null,"planScriptName":"HPE - Windows - Network - Domain"},{"planScriptUri":"/rest/plan-scripts/15675e01-b44a-4376-83a9-47dd67461535","serialNumber":"6","parameters":null,"planScriptName":"HPE - Windows - Network - Non-HA Configuration"},{"planScriptUri":"/rest/plan-scripts/7fa00f1c-4a14-4e40-95a2-1a2769ae49f7","serialNumber":"7","parameters":null,"planScriptName":"HPE - Windows - Network - Proxy"},{"planScriptUri":"/rest/plan-scripts/911be017-383b-417b-bcaf-488db527943f","serialNumber":"8","parameters":null,"planScriptName":"HPE - Windows - Power Plan"},{"planScriptUri":"/rest/plan-scripts/174cc83f-aa42-4c40-85df-af66f10017ef","serialNumber":"9","parameters":null,"planScriptName":"HPE - Windows - Remote Desktop"},{"planScriptUri":"/rest/plan-scripts/d2333298-743b-4ce9-919c-8a0e006f3d4d","serialNumber":"10","parameters":null,"planScriptName":"HPE - Windows - Time Zone"},{"planScriptUri":"/rest/plan-scripts/4974c308-566d-4984-9bba-10d45bcbad47","serialNumber":"11","parameters":null,"planScriptName":"HPE - Windows - User - Add - 1"},{"planScriptUri":"/rest/plan-scripts/1fa4fe0d-b3e5-4761-aa72-00e7e51bab67","serialNumber":"12","parameters":null,"planScriptName":"HPE - Windows - User - Administrator"},{"planScriptUri":"/rest/plan-scripts/75483bea-9e3e-4240-a199-c10e0e82303c","serialNumber":"13","parameters":null,"planScriptName":"HPE - Windows - Unattend - Save"},{"planScriptUri":"/rest/plan-scripts/ead64478-ac91-4d27-b1f4-a9ed1ac72c67","serialNumber":"14","parameters":null,"planScriptName":"HPE - Windows - Unmount"}],"customAttributes":[{"name":"ProxyServerAddress","description":"","value":"","constraints":"{\"regex\":\"\",\"helpText\":\"\"}","type":"string"},{"name":"ProxyServerSkipForAddresses","description":"","value":"localhost","constraints":"{\"regex\":\"\",\"helpText\":\"\"}","type":"string"},{"name":"User1Name","description":"","value":"","constraints":"{\"regex\":\"\",\"helpText\":\"\"}","type":"string"},{"name":"DomainName","description":"","value":"","constraints":"{\"helpText\":\"\"}","type":"fqdn"},{"name":"User1DisplayName","description":"","value":"","constraints":"{\"regex\":\"\",\"helpText\":\"\"}","type":"string"},{"name":"DomainAccount","description":"","value":"","constraints":"{}","type":"string"},{"name":"ProxyServerPort","description":"","value":"8080","constraints":"{\"increment\":\"1\"}","type":"number"},{"name":"ManagementNIC","description":"","value":"","constraints":"{\"ipv4static\":true,\"ipv4dhcp\":true,\"ipv4disable\":false,\"parameters\":[\"dhcp\",\"dns1\",\"dns2\",\"gateway\",\"ipaddress\",\"mac\",\"netmask\"]}","type":"nic"},{"name":"DomainPassword","description":"","value":"","constraints":"{\"maxlen\":\"20\"}","type":"password"},{"name":"RemoteDesktop","description":"","value":"Disallow","constraints":"{\"options\":[\"Disallow\",\"Allow (Network Level Authentication)\",\"Allow\"]}","type":"option"},{"name":"DisplayLanguage","description":"","value":"English (United States)","constraints":"{\"options\":[\"English (United States)\",\"French (France)\",\"German (Germany)\",\"Japanese (Japan)\",\"Arabic (Saudi Arabia)\",\"Chinese (PRC)\",\"Korean (Korea)\",\"Portuguese (Brazil)\",\"Russian (Russia)\"]}","type":"option"},{"name":"TimeZone","description":"","value":"GMT Standard Time","constraints":"{\"options\":[\"GMT Standard Time\",\"Arabian Standard Time\",\"AUS Eastern Standard Time\",\"Central Standard Time\",\"China Standard Time\",\"Eastern Standard Time\",\"India Standard Time\",\"Mountain Standard Time\",\"Singapore Standard Time\",\"Tokyo Standard Time\"]}","type":"option"},{"name":"KeyboardLayout","description":"","value":"English (United States)","constraints":"{\"options\":[\"English (United States)\",\"Arabic (101)\",\"Chinese (Traditional) - US Keyboard\",\"Japanese\",\"Korean\",\"United Kingdom Extended\",\"United States - Dvorak\"]}","type":"option"},{"name":"User1Password","description":"","value":"","constraints":"{\"maxlen\":\"20\"}","type":"password"},{"name":"PowerPlan","description":"","value":"Balanced","constraints":"{\"options\":[\"Balanced\",\"High Performance\",\"Power Saver\"]}","type":"option"},{"name":"Password","description":"Administrator Password","value":"","constraints":"{\"maxlen\":\"20\"}","type":"password"}],"dependentArtifacts":null}