{"type":"PlanScript","uri":null,"category":null,"eTag":null,"created":null,"modified":null,"id":"5c52913c-587d-453c-997e-79b511a66d59","name":"HPE - Windows - Example - First Logon Commands","description":"Specifies commands to run when the user logs on to the computer for the first time.","status":null,"state":null,"planType":"deploy","content":"# (c) Copyright 2017-2018 Hewlett Packard Enterprise Development LP\n#\n# Licensed under the Apache License, Version 2.0 (the \"License\");\n# you may not use this file except in compliance with the License.\n# You may obtain a copy of the License at #http://www.apache.org/licenses/LICENSE-2.0\n#\n# Unless required by applicable law or agreed to in writing, software distributed\n# under the License is distributed on an \"AS IS\" BASIS, WITHOUT WARRANTIES OR\n# CONDITIONS OF ANY KIND, either express or implied. See the License for the\n# specific language governing permissions and limitations under the License\n\n-mkdir-p /ISdeploy/Unattend/oobeSystem/Microsoft-Windows-Shell-Setup/FirstLogonCommands\n\nupload -<<END_FIRST_LOGON_SYNC /ISdeploy/Unattend/oobeSystem/Microsoft-Windows-Shell-Setup/FirstLogonCommands/FirstLogonSynchronous.xml\n<SynchronousCommand wcm:action=\"add\">\n    <CommandLine>%windir%\\system32\\notepad.exe </CommandLine>\n    <Description>Launch notepad</Description>\n    <Order>1</Order>\n</SynchronousCommand>\nEND_FIRST_LOGON_SYNC","customAttributes":null,"hpProvided":true,"dependentArtifacts":null}