{"type":"PlanScript","uri":null,"category":null,"eTag":null,"created":null,"modified":null,"id":"b4f20fb6-0a3f-4c0e-9fc7-ae261d123f08","name":"HPE - Windows - Mount","description":"Mount Windows main NTFS partition (C: drive)","status":null,"state":null,"planType":"general","content":"# (c) Copyright 2017-2018 Hewlett Packard Enterprise Development LP\n#\n# Licensed under the Apache License, Version 2.0 (the \"License\");\n# you may not use this file except in compliance with the License.\n# You may obtain a copy of the License at #http://www.apache.org/licenses/LICENSE-2.0\n#\n# Unless required by applicable law or agreed to in writing, software distributed\n# under the License is distributed on an \"AS IS\" BASIS, WITHOUT WARRANTIES OR\n# CONDITIONS OF ANY KIND, either express or implied. See the License for the\n# specific language governing permissions and limitations under the License.\n\n\n# Mount Windows S: drive\n\necho \"########################################\"\necho \"Mount Windows FAT32 partition (S: drive)\"\necho \"########################################\"\n\n# List storage layout found on Windows GI / OS Volume\necho \"Devices:\"\n-list-devices\necho\n\necho \"Partitions:\"\n-list-partitions\necho\n\necho \"File systems:\"\n-list-filesystems\necho\n\necho \"Mount file systems:\"\necho \"/dev/sda5 is assumed to be the S: drive\"\necho \"mount /dev/sda5\"\nmount /dev/sda5 /\n\necho \"File system details for /dev/sda5:\"\n-statvfs /\necho\n\necho \"Create ImageStreamer temporary and other directories\"\n-rm-rf /ISdeploy\nmkdir-p /ISdeploy/SetupComplete\nmkdir-p /ISdeploy/Unattend\nmkdir-p /ISdeploy/Scripts\nmkdir-p /ISdeploy/Files\nmkdir-p /ISdeploy/Temp\n\necho","customAttributes":null,"hpProvided":true,"dependentArtifacts":null}