{"type":"PlanScript","uri":null,"category":null,"eTag":null,"created":null,"modified":null,"id":"b7f62589-dacb-448a-9a60-dc1ab31375e3","name":"HPE - Windows - OEM Information","description":"Specifies information about the OEM, including the name, the model of the computer, and a logo for the OEM.","status":null,"state":null,"planType":"deploy","content":"# (c) Copyright 2017-2018 Hewlett Packard Enterprise Development LP\n#\n# Licensed under the Apache License, Version 2.0 (the \"License\");\n# you may not use this file except in compliance with the License.\n# You may obtain a copy of the License at #http://www.apache.org/licenses/LICENSE-2.0\n#\n# Unless required by applicable law or agreed to in writing, software distributed\n# under the License is distributed on an \"AS IS\" BASIS, WITHOUT WARRANTIES OR\n# CONDITIONS OF ANY KIND, either express or implied. See the License for the\n# specific language governing permissions and limitations under the License\n\n# Default values\n# @OEMManufacturerName:Hewlett Packard Enterprise@\n# @OEMModelName:Synergy 480 Gen9@</Model>\n\n-mkdir-p /ISdeploy/Unattend/specialize/Microsoft-Windows-Shell-Setup\nupload -<<END_OEM_INFORMATION /ISdeploy/Unattend/specialize/Microsoft-Windows-Shell-Setup/OEMInformation.xml\n<OEMInformation>\n   <HelpCustomized>true</HelpCustomized>\n   <Manufacturer>@OEMManufacturerName@</Manufacturer>\n   <Model>@OEMModelName@</Model>\n</OEMInformation>\nEND_OEM_INFORMATION","customAttributes":null,"hpProvided":true,"dependentArtifacts":null}