{"type":"PlanScript","uri":null,"category":null,"eTag":null,"created":null,"modified":null,"id":"bc0f1a88-42d1-41a5-b205-92f8edb16ac7","name":"HPE - Windows - Pagefile - Custom Size","description":"Sets the pagefile size to user-specified min/max values","status":null,"state":null,"planType":"deploy","content":"# (c) Copyright 2017-2018 Hewlett Packard Enterprise Development LP\n#\n# Licensed under the Apache License, Version 2.0 (the \"License\");\n# you may not use this file except in compliance with the License.\n# You may obtain a copy of the License at #http://www.apache.org/licenses/LICENSE-2.0\n#\n# Unless required by applicable law or agreed to in writing, software distributed\n# under the License is distributed on an \"AS IS\" BASIS, WITHOUT WARRANTIES OR\n# CONDITIONS OF ANY KIND, either express or implied. See the License for the\n# specific language governing permissions and limitations under the License.\n\n# Set custom size for page file\n\n-mkdir-p /ISdeploy/SetupComplete\n\n# Run set pagefile commands in SetupComplete.cmd\nupload -<<END_PAGEFILE_CUSTOM_CMD /ISdeploy/SetupComplete/SetPagefileCustom.cmd\necho \"==SetPagefileCustom.cmd ==\" >> C:\\SETUP.LOG\nwmic computersystem set AutomaticManagedPagefile=False >> C:\\SETUP.LOG 2>&1\nwmic pagefileset set InitialSize=@PagefileMinimumSizeMB@,MaximumSize=@PagefileMaximumSizeMB@ >> C:\\SETUP.LOG 2>&1\npowershell -command \"New-Item  S:\\ISdeploy\\Restart-Required -type file -force\" >> C:\\SETUP.LOG 2>&1\nEND_PAGEFILE_CUSTOM_CMD","customAttributes":null,"hpProvided":true,"dependentArtifacts":null}